id,InchiKey,Mol_name,IUPAC,Pubchem_ID,CHEMBL_ID,Smiles,Mol_Class,Database,Source,Source species,Assay,Phenotypic Assay ,Observation,Target,IC_50(µM),EC50,% Inhibition,ED50,DOI/URL,Activity,canonical_smiles,inchikey
PT_0011,TWYYVOVDSNRIJM-UHFFFAOYSA-O,Delphinidin-3-O-sambubioside,"2-[2-[5,7-dihydroxy-2-(3,4,5-trihydroxyphenyl)chromenylium-3-yl]oxy-4,5-dihydroxy-6-(hydroxymethyl)oxan-3-yl]oxyoxane-3,4,5-triol",74977035,,C1C(C(C(C(O1)OC2C(C(C(OC2OC3=CC4=C(C=C(C=C4[O+]=C3C5=CC(=C(C(=C5)O)O)O)O)O)CO)O)O)O)O)O,flavonoid,,Plant,Hibiscus sabdariffa,Enzyme Inhibition,,,ACE,142,,,,http://dspace.daffodilvarsity.edu.bd:8080/handle/123456789/6428,Active,OCC1OC(Oc2cc3c(O)cc(O)cc3[o+]c2-c2cc(O)c(O)c(O)c2)C(OC2OCC(O)C(O)C2O)C(O)C1O,TWYYVOVDSNRIJM-UHFFFAOYSA-O
PT_0014,KZNIFHPLKGYRTM-UHFFFAOYSA-N,Apigenin,"5,7-dihydroxy-2-(4-hydroxyphenyl)chromen-4-one",5280443,,C1=CC(=CC=C1C2=CC(=O)C3=C(C=C(C=C3O2)O)O)O,flavonoid,,Plant,Ailanthus excelsa ,Enzyme Inhibition,,,ACE,280,,,,http://dspace.daffodilvarsity.edu.bd:8080/handle/123456789/6428,Active,O=c1cc(-c2ccc(O)cc2)oc2cc(O)cc(O)c12,KZNIFHPLKGYRTM-UHFFFAOYSA-N
PT_0015,IQPNAANSBPBGFQ-UHFFFAOYSA-N,Luteolin,"2-(3,4-dihydroxyphenyl)-5,7-dihydroxychromen-4-one",5280445,,C1=CC(=C(C=C1C2=CC(=O)C3=C(C=C(C=C3O2)O)O)O)O,flavonoid,,Plant,Ailanthus excelsa ,Enzyme Inhibition,,,ACE,290,,,,http://dspace.daffodilvarsity.edu.bd:8080/handle/123456789/6428,Active,O=c1cc(-c2ccc(O)c(O)c2)oc2cc(O)cc(O)c12,IQPNAANSBPBGFQ-UHFFFAOYSA-N
PT_0021,CQLRUIIRRZYHHS-CQDSFZKYSA-N,Isorhamnetin-3-β-glucopyranoside,"5,7-dihydroxy-2-(4-hydroxy-3-methoxyphenyl)-3-(((2S,3R,4S,5S,6R)-3,4,5-trihydroxy-6-(hydroxymethyl)tetrahydro-2H-pyran-2-yl)oxy)-4H-chromen-4-one",,,OC1=CC(O)=C(C(C(O[C@H]2[C@H](O)[C@@H](O)[C@H](O)[C@@H](CO)O2)=C(C3=CC(O)=C(O)C=C3)O4)=O)C4=C1,flavonoid,,Plant,Sedum sarmentosum,Enzyme Inhibition,,,ACE,409,,,,http://dspace.daffodilvarsity.edu.bd:8080/handle/123456789/6428,Active,O=c1c(O[C@@H]2O[C@H](CO)[C@@H](O)[C@H](O)[C@H]2O)c(-c2ccc(O)c(O)c2)oc2cc(O)cc(O)c12,OVSQVDMCBVZWGM-QSOFNFLRSA-N
PT_0022,OVSQVDMCBVZWGM-QSOFNFLRSA-N,quercetin-3-β-glucopyranoside,"2-(3,4-dihydroxyphenyl)-5,7-dihydroxy-3-(((2S,3R,4S,5S,6R)-3,4,5-trihydroxy-6-(hydroxymethyl)tetrahydro-2H-pyran-2-yl)oxy)-4H-chromen-4-one",5280804,,C1=CC(=C(C=C1C2=C(C(=O)C3=C(C=C(C=C3O2)O)O)O[C@H]4[C@@H]([C@H]([C@@H]([C@H](O4)CO)O)O)O)O)O,flavonoid,,Plant,Sedum sarmentosum,Enzyme Inhibition,,,ACE,709,,,,http://dspace.daffodilvarsity.edu.bd:8080/handle/123456789/6428,Active,O=c1c(O[C@@H]2O[C@H](CO)[C@@H](O)[C@H](O)[C@H]2O)c(-c2ccc(O)c(O)c2)oc2cc(O)cc(O)c12,OVSQVDMCBVZWGM-QSOFNFLRSA-N
PT_0025,AYMYWHCQALZEGT-ORCRQEGFSA-N,Butein,"(E)-1-(2,4-dihydroxyphenyl)-3-(3,4-dihydroxyphenyl)prop-2-en-1-one",5281222,,C1=CC(=C(C=C1/C=C/C(=O)C2=C(C=C(C=C2)O)O)O)O,flavonoid,,Plant,,Enzyme Inhibition,,,ACE,730,,,,http://dspace.daffodilvarsity.edu.bd:8080/handle/123456789/6428,Active,O=C(/C=C/c1ccc(O)c(O)c1)c1ccc(O)cc1O,AYMYWHCQALZEGT-ORCRQEGFSA-N
PT_0027,WCGUUGGRBIKTOS-GPOJBZKASA-N,Ursolic acid,"(1S,2R,4aS,6aR,6aS,6bR,8aR,10S,12aR,14bS)-10-hydroxy-1,2,6a,6b,9,9,12a-heptamethyl-2,3,4,5,6,6a,7,8,8a,10,11,12,13,14b-tetradecahydro-1H-picene-4a-carboxylic acid",64945,,C[C@@H]1CC[C@@]2(CC[C@@]3(C(=CC[C@H]4[C@]3(CC[C@@H]5[C@@]4(CC[C@@H](C5(C)C)O)C)C)[C@@H]2[C@H]1C)C)C(=O)O,,,Plant,Mucuna pruriens L,Enzyme Inhibition,,Wistar rats,ACE ,1020±112.11,,,,10.4236/ajps.2021.1211119,Active,C[C@H]1[C@H](C)CC[C@]2(C(=O)O)CC[C@]3(C)C(=CC[C@@H]4[C@@]5(C)CC[C@H](O)C(C)(C)[C@@H]5CC[C@]43C)[C@H]12,WCGUUGGRBIKTOS-GPOJBZKASA-N
PT_0029,IKGXIBQEEMLURG-NVPNHPEKSA-N,Rutin,"2-(3,4-dihydroxyphenyl)-5,7-dihydroxy-3-[(2S,3R,4S,5S,6R)-3,4,5-trihydroxy-6-[[(2R,3R,4R,5R,6S)-3,4,5-trihydroxy-6-methyloxan-2-yl]oxymethyl]oxan-2-yl]oxychromen-4-one",5280805,,C[C@H]1[C@@H]([C@H]([C@H]([C@@H](O1)OC[C@@H]2[C@H]([C@@H]([C@H]([C@@H](O2)OC3=C(OC4=CC(=CC(=C4C3=O)O)O)C5=CC(=C(C=C5)O)O)O)O)O)O)O)O,,,Plant,Ocimum gratissimum,Enzyme Inhibition,,"Wistar Kyoto rats, spontaneously hypertensive rats",ACE and Endothelin 1,70.57,,,,10.4236/ajps.2021.1211119,Active,C[C@@H]1O[C@@H](OC[C@H]2O[C@@H](Oc3c(-c4ccc(O)c(O)c4)oc4cc(O)cc(O)c4c3=O)[C@H](O)[C@@H](O)[C@@H]2O)[C@H](O)[C@H](O)[C@H]1O,IKGXIBQEEMLURG-NVPNHPEKSA-N
PT_0030,AVQQLPJWGXTKFZ-UHFFFAOYSA-N,methylripariochromene,"1-(7,8-dimethoxy-2,2-dimethylchromen-6-yl)ethanone",177148,,CC(=O)C1=C(C(=C2C(=C1)C=CC(O2)(C)C)OC)OC,,,Plant,,,,,,,,,,10.4236/ajps.2021.1211119,Active,COc1c(C(C)=O)cc2c(c1OC)OC(C)(C)C=C2,AVQQLPJWGXTKFZ-UHFFFAOYSA-N
PT_0031,NLZCOTZRUWYPTP-MIUGBVLSSA-N,Tilianin,"5-hydroxy-2-(4-methoxyphenyl)-7-[(2S,3R,4S,5S,6R)-3,4,5-trihydroxy-6-(hydroxymethyl)oxan-2-yl]oxychromen-4-one",5321954,,COC1=CC=C(C=C1)C2=CC(=O)C3=C(C=C(C=C3O2)O[C@H]4[C@@H]([C@H]([C@@H]([C@H](O4)CO)O)O)O)O,flavonoid,,Plant,Agastache mexicana,,,functional rat thoracic aorta test,Noradrenaline,240,,,,10.4236/ajps.2021.1211119,Active,COc1ccc(-c2cc(=O)c3c(O)cc(O[C@@H]4O[C@H](CO)[C@@H](O)[C@H](O)[C@H]4O)cc3o2)cc1,NLZCOTZRUWYPTP-MIUGBVLSSA-N
PT_0032,NLZCOTZRUWYPTP-MIUGBVLSSA-N,Tilianin,"5-hydroxy-2-(4-methoxyphenyl)-7-[(2S,3R,4S,5S,6R)-3,4,5-trihydroxy-6-(hydroxymethyl)oxan-2-yl]oxychromen-4-one",5321954,,COC1=CC=C(C=C1)C2=CC(=O)C3=C(C=C(C=C3O2)O[C@H]4[C@@H]([C@H]([C@@H]([C@H](O4)CO)O)O)O)O,flavonoid,,Plant,Agastache mexicana,,,functional rat thoracic aorta test,Serotonin,275.5,,,,10.4236/ajps.2021.1211119,Active,COc1ccc(-c2cc(=O)c3c(O)cc(O[C@@H]4O[C@H](CO)[C@@H](O)[C@H](O)[C@H]4O)cc3o2)cc1,NLZCOTZRUWYPTP-MIUGBVLSSA-N
PT_0033,KZNIFHPLKGYRTM-UHFFFAOYSA-N,Apigenin,"5,7-dihydroxy-2-(4-hydroxyphenyl)chromen-4-one",5280443,,C1=CC(=CC=C1C2=CC(=O)C3=C(C=C(C=C3O2)O)O)O,flavonoid,,Plant,Ailanthus excelsa,,,Enzyme inhibition,ACE,280,,,,10.1002/ptr.2008,Active,O=c1cc(-c2ccc(O)cc2)oc2cc(O)cc(O)c12,KZNIFHPLKGYRTM-UHFFFAOYSA-N
PT_0034,IQPNAANSBPBGFQ-UHFFFAOYSA-N,Luteolin,"2-(3,4-dihydroxyphenyl)-5,7-dihydroxychromen-4-one",5280445,,C1=CC(=C(C=C1C2=CC(=O)C3=C(C=C(C=C3O2)O)O)O)O,flavonoid,,Plant,Ailanthus excelsa,,,Enzyme inhibition,ACE,290,,,,10.1002/ptr.2008,Active,O=c1cc(-c2ccc(O)c(O)c2)oc2cc(O)cc(O)c12,IQPNAANSBPBGFQ-UHFFFAOYSA-N
PT_0040,MBRLOUHOWLUMFF-UHFFFAOYSA-N,osthole,7-methoxy-8-(3-methylbut-2-enyl)chromen-2-one,10228,,CC(=CCC1=C(C=CC2=C1OC(=O)C=C2)OC)C,coumarin,,Plant,Cnidium monnieri (L.) Cusson,whole-cell patch-clamp method,,Rat tail artery myocyte,Cav1.2 channel current (-50mV),16.60±2.47,,,,10.1016/j.ejphar.2012.01.038,Active,COc1ccc2ccc(=O)oc2c1CC=C(C)C,MBRLOUHOWLUMFF-UHFFFAOYSA-N
PT_0041,MBRLOUHOWLUMFF-UHFFFAOYSA-N,osthole,7-methoxy-8-(3-methylbut-2-enyl)chromen-2-one,10228,,CC(=CCC1=C(C=CC2=C1OC(=O)C=C2)OC)C,coumarin,,Plant,Cnidium monnieri (L.) Cusson,whole-cell patch-clamp method,,Rat tail artery myocyte,Cav1.2 channel current (-80mV),43.65±7.34,,,,10.1016/j.ejphar.2012.01.038,Active,COc1ccc2ccc(=O)oc2c1CC=C(C)C,MBRLOUHOWLUMFF-UHFFFAOYSA-N
PT_0044,JCTYWRARKVGOBK-CQSZACIVSA-N,Roemerine,"(12R)-11-methyl-3,5-dioxa-11-azapentacyclo[10.7.1.02,6.08,20.014,19]icosa-1(20),2(6),7,14,16,18-hexaene",119204,,CN1CCC2=CC3=C(C4=C2[C@H]1CC5=CC=CC=C54)OCO3,Alkaloids,,Plant,Annona cherimolia,In vitro vascular contraction assay,,Inhibited NA-induced contraction in isolated rat thoracic aorta.,,12,,,,10.2174/138955708784912157,Active,CN1CCc2cc3c(c4c2[C@H]1Cc1ccccc1-4)OCO3,JCTYWRARKVGOBK-CQSZACIVSA-N
PT_0045,IQDIERHFZVCNRZ-YUYPDVIUSA-N,Verticinone,"(1R,2S,6S,9S,10S,11S,14S,15S,18S,20S,23R,24S)-10,20-dihydroxy-6,10,23-trimethyl-4-azahexacyclo[12.11.0.02,11.04,9.015,24.018,23]pentacosan-17-one",167691,,C[C@H]1CC[C@H]2[C@@]([C@H]3CC[C@@H]4[C@H]([C@@H]3CN2C1)C[C@H]5[C@H]4CC(=O)[C@@H]6[C@@]5(CC[C@@H](C6)O)C)(C)O,Alkaloids,,Plant,Fritilaria ussuriensis,Enzyme Inhibition,,,ACE,165,,,,10.2174/138955708784912157,Active,C[C@H]1CC[C@@H]2N(C1)C[C@H]1[C@@H]3C[C@H]4[C@@H](CC(=O)[C@H]5C[C@@H](O)CC[C@@]54C)[C@@H]3CC[C@@H]1[C@]2(C)O,IQDIERHFZVCNRZ-YUYPDVIUSA-N
PT_0047,KYELXPJVGNZIGC-GKFGJCLESA-N,peimisine,"(3S,3'R,3'aS,4aS,6'S,6aR,6bS,7'aR,9R,11aS,11bR)-3-hydroxy-3',6',10,11b-tetramethylspiro[1,2,3,4,4a,6,6a,6b,7,8,11,11a-dodecahydrobenzo[a]fluorene-9,2'-3a,4,5,6,7,7a-hexahydro-3H-furo[3,2-b]pyridine]-5-one",161294,,C[C@H]1C[C@@H]2[C@H]([C@H]([C@]3(O2)CC[C@H]4[C@@H]5CC(=O)[C@H]6C[C@H](CC[C@@]6([C@H]5CC4=C3C)C)O)C)NC1,Alkaloids,,Plant,Fritilaria ussuriensis,Enzyme Inhibition,,,ACE,526.52,,,,10.2174/138955708784912157,Active,CC1=C2C[C@H]3[C@@H](CC(=O)[C@H]4C[C@@H](O)CC[C@@]43C)[C@@H]2CC[C@]12O[C@@H]1C[C@H](C)CN[C@H]1[C@H]2C,KYELXPJVGNZIGC-GKFGJCLESA-N
PT_0048,DFOCUWZXJBAUSQ-URLMMPGGSA-N,Berbamine,"(1S,14R)-20,21,25-trimethoxy-15,30-dimethyl-7,23-dioxa-15,30-diazaheptacyclo[22.6.2.23,6.18,12.114,18.027,31.022,33]hexatriaconta-3(36),4,6(35),8,10,12(34),18,20,22(33),24,26,31-dodecaen-9-ol",275182,,CN1CCC2=CC(=C3C=C2[C@@H]1CC4=CC=C(C=C4)OC5=C(C=CC(=C5)C[C@@H]6C7=C(O3)C(=C(C=C7CCN6C)OC)OC)O)OC,Alkaloids,,Plant,Mahonia aquifolium,In vitro vascular contraction assay,,Relaxation of K⁺ precontracted rat aorta rings.,α₁-Adrenergic Receptor; Ca²⁺ influx (ROCs),20,,,,10.2174/138955708784912157,Active,COc1cc2c3cc1Oc1c(OC)c(OC)cc4c1[C@@H](Cc1ccc(O)c(c1)Oc1ccc(cc1)C[C@@H]3N(C)CC2)N(C)CC4,DFOCUWZXJBAUSQ-URLMMPGGSA-N
PT_0049,HGNHIFJNOKGSKI-WDYNHAJCSA-N,oxyacanthine,"(1R,14S)-20,21,25-trimethoxy-15,30-dimethyl-8,23-dioxa-15,30-diazaheptacyclo[22.6.2.29,12.13,7.114,18.027,31.022,33]hexatriaconta-3(36),4,6,9(35),10,12(34),18,20,22(33),24,26,31-dodecaen-6-ol",442333,,CN1CCC2=CC(=C(C3=C2[C@@H]1CC4=CC=C(C=C4)OC5=C(C=CC(=C5)C[C@@H]6C7=CC(=C(C=C7CCN6C)OC)O3)O)OC)OC,Alkaloids,,Plant,Mahonia aquifolium,In vitro vascular contraction assay,,Relaxation of K⁺ precontracted rat aorta rings.,α₁-Adrenergic Receptor; Ca²⁺ influx (ROCs),20,,,,10.2174/138955708784912157,Active,COc1cc2c3cc1Oc1c(OC)c(OC)cc4c1[C@H](Cc1ccc(cc1)Oc1cc(ccc1O)C[C@H]3N(C)CC2)N(C)CC4,HGNHIFJNOKGSKI-WDYNHAJCSA-N
PT_0050,WVTKBKWTSCPRNU-KYJUHHDHSA-N,Tetrandrine,"(1S,14S)-9,20,21,25-tetramethoxy-15,30-dimethyl-7,23-dioxa-15,30-diazaheptacyclo[22.6.2.23,6.18,12.114,18.027,31.022,33]hexatriaconta-3(36),4,6(35),8,10,12(34),18,20,22(33),24,26,31-dodecaene",73078,,CN1CCC2=CC(=C3C=C2[C@@H]1CC4=CC=C(C=C4)OC5=C(C=CC(=C5)C[C@H]6C7=C(O3)C(=C(C=C7CCN6C)OC)OC)OC)OC,Alkaloids,,Plant,Stephania tetrandrae,In vitro vascular contraction assay,,,"L- and T-type VOCs, α₁-ARs, Ca²⁺ influx pathways",0.27 (K⁺ induced contraction),,,,10.2174/138955708784912157,Active,COc1ccc2cc1Oc1ccc(cc1)C[C@H]1c3cc(c(OC)cc3CCN1C)Oc1c(OC)c(OC)cc3c1[C@H](C2)N(C)CC3,WVTKBKWTSCPRNU-KYJUHHDHSA-N
PT_0051,WVTKBKWTSCPRNU-KYJUHHDHSA-N,Tetrandrine,"(1S,14S)-9,20,21,25-tetramethoxy-15,30-dimethyl-7,23-dioxa-15,30-diazaheptacyclo[22.6.2.23,6.18,12.114,18.027,31.022,33]hexatriaconta-3(36),4,6(35),8,10,12(34),18,20,22(33),24,26,31-dodecaene",73078,,CN1CCC2=CC(=C3C=C2[C@@H]1CC4=CC=C(C=C4)OC5=C(C=CC(=C5)C[C@H]6C7=C(O3)C(=C(C=C7CCN6C)OC)OC)OC)OC,Alkaloids,,Plant,Stephania tetrandrae,In vitro vascular contraction assay,,,"L- and T-type VOCs; α₁-ARs, Ca²⁺ influx pathways",3.08 (Noradrenaline Induced contraction),,,,10.2174/138955708784912157,Active,COc1ccc2cc1Oc1ccc(cc1)C[C@H]1c3cc(c(OC)cc3CCN1C)Oc1c(OC)c(OC)cc3c1[C@H](C2)N(C)CC3,WVTKBKWTSCPRNU-KYJUHHDHSA-N
PT_0055,VDYACOATPFOZIO-HBUDHLSFSA-N,Denudatin B,"(2S,3R,3aR)-2-(3,4-dimethoxyphenyl)-3a-methoxy-3-methyl-5-prop-2-enyl-2,3-dihydro-1-benzofuran-6-one",442834,,C[C@@H]1[C@H](OC2=CC(=O)C(=C[C@@]12OC)CC=C)C3=CC(=C(C=C3)OC)OC,Alkaloids,,Plant,Magnolia fargesii,In vitro vascular contraction assay,,,Ca²⁺ influx pathways,6.22 (contraction),,,,10.2174/138955708784912157,Active,C=CCC1=C[C@]2(OC)C(=CC1=O)O[C@H](c1ccc(OC)c(OC)c1)[C@H]2C,VDYACOATPFOZIO-HBUDHLSFSA-N
PT_0056,JPUKWEQWGBDDQB-QSOFNFLRSA-N,Astragalin,"5,7-dihydroxy-2-(4-hydroxyphenyl)-3-[(2S,3R,4S,5S,6R)-3,4,5-trihydroxy-6-(hydroxymethyl)oxan-2-yl]oxychromen-4-one",5282102,,C1=CC(=CC=C1C2=C(C(=O)C3=C(C=C(C=C3O2)O)O)O[C@H]4[C@@H]([C@H]([C@@H]([C@H](O4)CO)O)O)O)O,flavonoids,,Plant,Diospyros kaki,Enzyme inhibition assay,,,ACE,0.99(heart rate),,,,10.2174/138955708784912157,Active,O=c1c(O[C@@H]2O[C@H](CO)[C@@H](O)[C@H](O)[C@H]2O)c(-c2ccc(O)cc2)oc2cc(O)cc(O)c12,JPUKWEQWGBDDQB-QSOFNFLRSA-N
PT_0059,RATQVALKDAUZBW-XPMKZLBQSA-N,Tetragalloylglucose,"[(2R,3R,4S,5R,6S)-3-hydroxy-4,5,6-tris[(3,4,5-trihydroxybenzoyl)oxy]oxan-2-yl]methyl 3,4,5-trihydroxybenzoate",73178,,C1=C(C=C(C(=C1O)O)O)C(=O)OC[C@@H]2[C@H]([C@@H]([C@H]([C@@H](O2)OC(=O)C3=CC(=C(C(=C3)O)O)O)OC(=O)C4=CC(=C(C(=C4)O)O)O)OC(=O)C5=CC(=C(C(=C5)O)O)O)O,,,Plant,Paeonia moutan,Vasorelaxation assay,,,,466.28,,,,10.2174/138955708784912157,Active,O=C(OC[C@H]1O[C@@H](OC(=O)c2cc(O)c(O)c(O)c2)[C@H](OC(=O)c2cc(O)c(O)c(O)c2)[C@@H](OC(=O)c2cc(O)c(O)c(O)c2)[C@@H]1O)c1cc(O)c(O)c(O)c1,RATQVALKDAUZBW-XPMKZLBQSA-N
PT_0060,XZNFAYXFFDZGJD-AZUAARDMSA-N,pentagalloylglucose,"[(2R,3R,4S,5R,6S)-3,4,5,6-tetrakis[(3,4,5-trihydroxybenzoyl)oxy]oxan-2-yl]methyl 3,4,5-trihydroxybenzoate",65238,,C1=C(C=C(C(=C1O)O)O)C(=O)OC[C@@H]2[C@H]([C@@H]([C@H]([C@@H](O2)OC(=O)C3=CC(=C(C(=C3)O)O)O)OC(=O)C4=CC(=C(C(=C4)O)O)O)OC(=O)C5=CC(=C(C(=C5)O)O)O)OC(=O)C6=CC(=C(C(=C6)O)O)O,,,Plant,Paeonia moutan,Vasorelaxation assay,,,,19.9,,,,10.2174/138955708784912157,Active,O=C(OC[C@H]1O[C@@H](OC(=O)c2cc(O)c(O)c(O)c2)[C@H](OC(=O)c2cc(O)c(O)c(O)c2)[C@@H](OC(=O)c2cc(O)c(O)c(O)c2)[C@@H]1OC(=O)c1cc(O)c(O)c(O)c1)c1cc(O)c(O)c(O)c1,QJYNZEYHSMRWBK-NIKIMHBISA-N
PT_0061,RATQVALKDAUZBW-XPMKZLBQSA-N,Acteoside,"[(2R,3R,4R,5R,6R)-6-[2-(3,4-dihydroxyphenyl)ethoxy]-5-hydroxy-2-(hydroxymethyl)-4-[(2S,3R,4R,5R,6S)-3,4,5-trihydroxy-6-methyloxan-2-yl]oxyoxan-3-yl] (E)-3-(3,4-dihydroxyphenyl)prop-2-enoate",5281800,,C[C@H]1[C@@H]([C@H]([C@H]([C@@H](O1)O[C@@H]2[C@H]([C@@H](O[C@@H]([C@H]2OC(=O)/C=C/C3=CC(=C(C=C3)O)O)CO)OCCC4=CC(=C(C=C4)O)O)O)O)O)O,Stilbenes,,Plant,Ligustrum purpurascen,Vascular smooth muscle cells (VSMCs); NO-mediated pathway,,,,5.1,,,,10.2174/138955708784912157,Active,C[C@@H]1O[C@@H](O[C@@H]2[C@@H](O)[C@H](OCCc3ccc(O)c(O)c3)O[C@H](CO)[C@H]2OC(=O)/C=C/c2ccc(O)c(O)c2)[C@H](O)[C@H](O)[C@H]1O,FBSKJMQYURKNSU-ZLSOWSIRSA-N
PT_0062,QJYNZEYHSMRWBK-NIKIMHBISA-N,"3,5-di-O-Caffeoylquinic acid",C1C(C[C@H](C([C@@H]1OC(=O)/C=C/C2=CC(=C(C=C2)O)O)O)OC(=O)/C=C/C3=CC(=C(C=C3)O)O)(O)C(=O)O,6474310,,C1C(C[C@H](C([C@@H]1OC(=O)/C=C/C2=CC(=C(C=C2)O)O)O)OC(=O)/C=C/C3=CC(=C(C=C3)O)O)(O)C(=O)O ,Cinnamic Acids,,Plant,Cuscuta japonica,Enzyme inhibition assay,,,ACE,3.6,,,,10.2174/138955708784912157,Active,O=C(/C=C/c1ccc(O)c(O)c1)O[C@@H]1CC(O)(C(=O)O)C[C@@H](OC(=O)/C=C/c2ccc(O)c(O)c2)C1O,KRZBCHWVBQOTNZ-RDJMKVHDSA-N
PT_0063,FBSKJMQYURKNSU-ZLSOWSIRSA-N,"methyl 3,5-di-O-caffeoylquinate","(1R,3R,4S,5R)-3,4-bis[[(E)-3-(3,4-dihydroxyphenyl)prop-2-enoyl]oxy]-1,5-dihydroxycyclohexane-1-carboxylic acid",6474309,,C1[C@H]([C@@H]([C@@H](C[C@]1(C(=O)O)O)OC(=O)/C=C/C2=CC(=C(C=C2)O)O)OC(=O)/C=C/C3=CC(=C(C=C3)O)O)O,Cinnamic Acids,,Plant,Cuscuta japonica,Enzyme inhibition assay,,,,352.23,,,,10.2174/138955708784912157,Active,O=C(/C=C/c1ccc(O)c(O)c1)O[C@H]1[C@H](O)C[C@](O)(C(=O)O)C[C@H]1OC(=O)/C=C/c1ccc(O)c(O)c1,UFCLZKMFXSILNL-RVXRWRFUSA-N
PT_0064,KRZBCHWVBQOTNZ-RDJMKVHDSA-N,"3,4-di-O-caffeoylquinic acid","1S,3R,4R,5R)-3,4-bis[[(E)-3-(3,4-dihydroxyphenyl)prop-2-enoyl]oxy]-1,5-dihydroxycyclohexane-1-carboxylic acid",5281780,,C1[C@H]([C@H]([C@@H](C[C@@]1(C(=O)O)O)OC(=O)/C=C/C2=CC(=C(C=C2)O)O)OC(=O)/C=C/C3=CC(=C(C=C3)O)O)O,Cinnamic Acids,,Plant,Cuscuta japonica,Enzyme inhibition assay,,,,460-596 ,,,,10.2174/138955708784912157,Active,O=C(/C=C/c1ccc(O)c(O)c1)O[C@@H]1[C@H](O)C[C@@](O)(C(=O)O)C[C@H]1OC(=O)/C=C/c1ccc(O)c(O)c1,UFCLZKMFXSILNL-PSEXTPKNSA-N
PT_0065,UFCLZKMFXSILNL-RVXRWRFUSA-N,"methyl 3,4-di-O-caffeoylquinate","(1R,3R,4S,5R)-3,4-bis[[(E)-3-(3,4-dihydroxyphenyl)prop-2-enoyl]oxy]-1,5-dihydroxycyclohexane-1-carboxylic acid",6474309,,C1[C@H]([C@@H]([C@@H](C[C@]1(C(=O)O)O)OC(=O)/C=C/C2=CC(=C(C=C2)O)O)OC(=O)/C=C/C3=CC(=C(C=C3)O)O)O,Cinnamic Acids,,Plant,Cuscuta japonica,Enzyme inhibition assay,,,,460-597,,,,10.2174/138955708784912157,Active,O=C(/C=C/c1ccc(O)c(O)c1)O[C@H]1[C@H](O)C[C@](O)(C(=O)O)C[C@H]1OC(=O)/C=C/c1ccc(O)c(O)c1,UFCLZKMFXSILNL-RVXRWRFUSA-N
PT_0066,UFCLZKMFXSILNL-PSEXTPKNSA-N,Salvianolic acid B,"(2R)-2-[(E)-3-[(2S,3S)-3-[(1R)-1-carboxy-2-(3,4-dihydroxyphenyl)ethoxy]carbonyl-2-(3,4-dihydroxyphenyl)-7-hydroxy-2,3-dihydro-1-benzofuran-4-yl]prop-2-enoyl]oxy-3-(3,4-dihydroxyphenyl)propanoic acid",6451084,,C1=CC(=C(C=C1C[C@H](C(=O)O)OC(=O)/C=C/C2=C3[C@@H]([C@H](OC3=C(C=C2)O)C4=CC(=C(C=C4)O)O)C(=O)O[C@H](CC5=CC(=C(C=C5)O)O)C(=O)O)O)O,Phenolic Acids,,Plant,Cuscuta japonica,Enzyme inhibition assay,,,ACE,460-598,,,,10.2174/138955708784912157,Active,O=C(/C=C/c1ccc(O)c2c1[C@H](C(=O)O[C@H](Cc1ccc(O)c(O)c1)C(=O)O)[C@@H](c1ccc(O)c(O)c1)O2)O[C@H](Cc1ccc(O)c(O)c1)C(=O)O,SNKFFCBZYFGCQN-VWUOOIFGSA-N
PT_0067,UFCLZKMFXSILNL-RVXRWRFUSA-N,Lithospermic acid B,"(2R)-2-[(E)-3-[(2S,3S)-3-[(1R)-1-carboxy-2-(3,4-dihydroxyphenyl)ethoxy]carbonyl-2-(3,4-dihydroxyphenyl)-7-hydroxy-2,3-dihydro-1-benzofuran-4-yl]prop-2-enoyl]oxy-3-(3,4-dihydroxyphenyl)propanoic acid",6451084,,C1=CC(=C(C=C1C[C@H](C(=O)O)OC(=O)/C=C/C2=C3[C@@H]([C@H](OC3=C(C=C2)O)C4=CC(=C(C=C4)O)O)C(=O)O[C@H](CC5=CC(=C(C=C5)O)O)C(=O)O)O)O,Phenolic Acids,,Plant,Cuscuta japonica,Enzyme inhibition assay,,,ACE,460-599,,,,10.2174/138955708784912157,Active,O=C(/C=C/c1ccc(O)c2c1[C@H](C(=O)O[C@H](Cc1ccc(O)c(O)c1)C(=O)O)[C@@H](c1ccc(O)c(O)c1)O2)O[C@H](Cc1ccc(O)c(O)c1)C(=O)O,SNKFFCBZYFGCQN-VWUOOIFGSA-N
PT_0073,RATQVALKDAUZBW-XPMKZLBQSA-N,Tetragalloylglucose,"[(2R,3R,4S,5R,6S)-3-hydroxy-4,5,6-tris[(3,4,5-trihydroxybenzoyl)oxy]oxan-2-yl]methyl 3,4,5-trihydroxybenzoate",73178,,C1=C(C=C(C(=C1O)O)O)C(=O)OC[C@@H]2[C@H]([C@@H]([C@H]([C@@H](O2)OC(=O)C3=CC(=C(C(=C3)O)O)O)OC(=O)C4=CC(=C(C(=C4)O)O)O)OC(=O)C5=CC(=C(C(=C5)O)O)O)O,Terpenes,,Plant,Paeonia moutan,Vasorelaxation assay,,,,7.9,,,,10.1055/s-2006-951678,Active,O=C(OC[C@H]1O[C@@H](OC(=O)c2cc(O)c(O)c(O)c2)[C@H](OC(=O)c2cc(O)c(O)c(O)c2)[C@@H](OC(=O)c2cc(O)c(O)c(O)c2)[C@@H]1O)c1cc(O)c(O)c(O)c1,RATQVALKDAUZBW-XPMKZLBQSA-N
PT_0074,QJYNZEYHSMRWBK-NIKIMHBISA-N,pentagalloylglucose,C1=C(C=C(C(=C1O)O)O)C(=O)OC[C@@H]2[C@H]([C@@H]([C@H]([C@@H](O2)OC(=O)C3=CC(=C(C(=C3)O)O)O)OC(=O)C4=CC(=C(C(=C4)O)O)O)OC(=O)C5=CC(=C(C(=C5)O)O)O)OC(=O)C6=CC(=C(C(=C6)O)O)O,65238,,C1=C(C=C(C(=C1O)O)O)C(=O)OC[C@@H]2[C@H]([C@@H]([C@H]([C@@H](O2)OC(=O)C3=CC(=C(C(=C3)O)O)O)OC(=O)C4=CC(=C(C(=C4)O)O)O)OC(=O)C5=CC(=C(C(=C5)O)O)O)OC(=O)C6=CC(=C(C(=C6)O)O)O,Terpenes,,Plant,Paeonia moutan,Vasorelaxation assay,,,,10.1,,,,10.1055/s-2006-951678,Active,O=C(OC[C@H]1O[C@@H](OC(=O)c2cc(O)c(O)c(O)c2)[C@H](OC(=O)c2cc(O)c(O)c(O)c2)[C@@H](OC(=O)c2cc(O)c(O)c(O)c2)[C@@H]1OC(=O)c1cc(O)c(O)c(O)c1)c1cc(O)c(O)c(O)c1,QJYNZEYHSMRWBK-NIKIMHBISA-N
PT_0075,VJJZJBUCDWKPLC-UHFFFAOYSA-N,Isokaempferide,"5,7-dihydroxy-2-(4-hydroxyphenyl)-3-methoxychromen-4-one",5280862,,COC1=C(OC2=CC(=CC(=C2C1=O)O)O)C3=CC=C(C=C3)O,Flavonoids,,Plant,Amburana cearensis,Vasorelaxation assay,,,Guinea pig isolated trachea,5.1,,,,10.1055/s-2006-951678,Active,COc1c(-c2ccc(O)cc2)oc2cc(O)cc(O)c2c1=O,VJJZJBUCDWKPLC-UHFFFAOYSA-N
PT_0076,VJJZJBUCDWKPLC-UHFFFAOYSA-N,Isokaempferide,"5,7-dihydroxy-2-(4-hydroxyphenyl)-3-methoxychromen-4-one",5280862,,COC1=C(OC2=CC(=CC(=C2C1=O)O)O)C3=CC=C(C=C3)O,Flavonoids,,Plant,Amburana cearensis,Vasorelaxation assay,,,denuded epithelium,3.6,,,,10.1055/s-2006-951678,Active,COc1c(-c2ccc(O)cc2)oc2cc(O)cc(O)c2c1=O,VJJZJBUCDWKPLC-UHFFFAOYSA-N
PT_0077,WYOSCUWDVFHQFY-UHFFFAOYSA-N,Gentiacaulein,"2,8-dihydroxy-1,6-dimethoxyxanthen-9-one",5281634,,COC1=CC(=C2C(=C1)OC3=C(C2=O)C(=C(C=C3)O)OC)O,Flavonoids,,Plant,Gentiana kochiana,,,,,,77.4,,,10.2174/138955708784912157,Active,COc1cc(O)c2c(=O)c3c(OC)c(O)ccc3oc2c1,WYOSCUWDVFHQFY-UHFFFAOYSA-N
PT_0078,BDBVOZGRVBXANN-UHFFFAOYSA-N,Gentiakochianin,"1,2,8-trihydroxy-6-methoxyxanthen-9-one",5281661,,COC1=CC(=C2C(=C1)OC3=C(C2=O)C(=C(C=C3)O)O)O,Flavonoids,,Plant,Gentiana kochiana,,,,,,15,,,10.2174/138955708784912157,Active,COc1cc(O)c2c(=O)c3c(O)c(O)ccc3oc2c1,BDBVOZGRVBXANN-UHFFFAOYSA-N
PT_0079,QJYNZEYHSMRWBK-NIKIMHBISA-N,Penta-O-galloyl-β-glucoside,"[(2R,3R,4S,5R,6S)-3,4,5,6-tetrakis[(3,4,5-trihydroxybenzoyl)oxy]oxan-2-yl]methyl 3,4,5-trihydroxybenzoate",65238,,C1=C(C=C(C(=C1O)O)O)C(=O)OC[C@@H]2[C@H]([C@@H]([C@H]([C@@H](O2)OC(=O)C3=CC(=C(C(=C3)O)O)O)OC(=O)C4=CC(=C(C(=C4)O)O)O)OC(=O)C5=CC(=C(C(=C5)O)O)O)OC(=O)C6=CC(=C(C(=C6)O)O)O,Flavonoids,,Plant,Geum japonicum,Vasorelaxation assay,,Relaxation of phenylephrine-precontracted rat aortic rings,endogenous nitric oxide pathway,,,,,10.1055/s-2003-42784,Active,O=C(OC[C@H]1O[C@@H](OC(=O)c2cc(O)c(O)c(O)c2)[C@H](OC(=O)c2cc(O)c(O)c(O)c2)[C@@H](OC(=O)c2cc(O)c(O)c(O)c2)[C@@H]1OC(=O)c1cc(O)c(O)c(O)c1)c1cc(O)c(O)c(O)c1,QJYNZEYHSMRWBK-NIKIMHBISA-N
PT_0080,QJYNZEYHSMRWBK-NIKIMHBISA-N,Penta-O-galloyl-β-glucoside,"[(2R,3R,4S,5R,6S)-3,4,5,6-tetrakis[(3,4,5-trihydroxybenzoyl)oxy]oxan-2-yl]methyl 3,4,5-trihydroxybenzoate",65238,,C1=C(C=C(C(=C1O)O)O)C(=O)OC[C@@H]2[C@H]([C@@H]([C@H]([C@@H](O2)OC(=O)C3=CC(=C(C(=C3)O)O)O)OC(=O)C4=CC(=C(C(=C4)O)O)O)OC(=O)C5=CC(=C(C(=C5)O)O)O)OC(=O)C6=CC(=C(C(=C6)O)O)O,Tannins,,Plant,Geum japonicum,Vasorelaxation assay,,Relaxation of phenylephrine-precontracted rat aortic rings,endogenous nitric oxide pathway,,,,,10.1055/s-2003-42784,Active,O=C(OC[C@H]1O[C@@H](OC(=O)c2cc(O)c(O)c(O)c2)[C@H](OC(=O)c2cc(O)c(O)c(O)c2)[C@@H](OC(=O)c2cc(O)c(O)c(O)c2)[C@@H]1OC(=O)c1cc(O)c(O)c(O)c1)c1cc(O)c(O)c(O)c1,QJYNZEYHSMRWBK-NIKIMHBISA-N
PT_0081,CHBITXAMNKHJCR-VGYCLGPVSA-N,5-desgalloylstachyurin,"(14R,15S,19S)-14-[(10R,11R)-3,4,5,11,17,18,19-heptahydroxy-8,14-dioxo-9,13-dioxatricyclo[13.4.0.02,7]nonadeca-1(19),2,4,6,15,17-hexaen-10-yl]-2,3,4,7,8,9,19-heptahydroxy-13,16-dioxatetracyclo[13.3.1.05,18.06,11]nonadeca-1,3,5(18),6,8,10-hexaene-12,17-dione",10417809,,C1[C@H]([C@@H](OC(=O)C2=CC(=C(C(=C2C3=C(C(=C(C=C3C(=O)O1)O)O)O)O)O)O)[C@H]4[C@@H]5[C@H](C6=C(C(=C(C(=C6C(=O)O5)C7=C(C(=C(C=C7C(=O)O4)O)O)O)O)O)O)O)O,Tannins,,Plant,Geum japonicum,Vasorelaxation assay,,Relaxation of phenylephrine-precontracted rat aortic rings,endogenous nitric oxide pathway,,,82 ± 10,,10.1016/j.jep.2006.07.015,Active,O=C1OC[C@@H](O)[C@H]([C@@H]2OC(=O)c3cc(O)c(O)c(O)c3-c3c(O)c(O)c(O)c4c3C(=O)O[C@H]2[C@H]4O)OC(=O)c2cc(O)c(O)c(O)c2-c2c1cc(O)c(O)c2O,CHBITXAMNKHJCR-VGYCLGPVSA-N
PT_0082,WCGUUGGRBIKTOS-GPOJBZKASA-N,Ursolic acid ,"(1S,2R,4aS,6aR,6aS,6bR,8aR,10S,12aR,14bS)-10-hydroxy-1,2,6a,6b,9,9,12a-heptamethyl-2,3,4,5,6,6a,7,8,8a,10,11,12,13,14b-tetradecahydro-1H-picene-4a-carboxylic acid",64945,,C[C@@H]1CC[C@@]2(CC[C@@]3(C(=CC[C@H]4[C@]3(CC[C@@H]5[C@@]4(CC[C@@H](C5(C)C)O)C)C)[C@@H]2[C@H]1C)C)C(=O)O,,,Plant,Lippia caulescens,Vasorelaxation assay,,,Soluble Guanylate Cyclase,,,61 ± 8,,10.1016/j.jep.2006.07.015,Active,C[C@H]1[C@H](C)CC[C@]2(C(=O)O)CC[C@]3(C)C(=CC[C@@H]4[C@@]5(C)CC[C@H](O)C(C)(C)[C@@H]5CC[C@]43C)[C@H]12,WCGUUGGRBIKTOS-GPOJBZKASA-N
PT_0083,VZTUKBKUWSHDFM-CYBMUJFWSA-N,Anonaine,"(12R)-3,5-dioxa-11-azapentacyclo[10.7.1.02,6.08,20.014,19]icosa-1(20),2(6),7,14,16,18-hexaene",160597,,C1CN[C@@H]2CC3=CC=CC=C3C4=C2C1=CC5=C4OCO5,Alkaloids ,,Plant,Annona cherimolia,Invitro vasorelaxation assay,,Relaxation of rat aorta ,Ca2+ free medium,,,82 ± 14,,10.1016/j.jep.2006.07.015,Active,c1ccc2c(c1)C[C@H]1NCCc3cc4c(c-2c31)OCO4,VZTUKBKUWSHDFM-CYBMUJFWSA-N
PT_0084,JCTYWRARKVGOBK-CQSZACIVSA-N,roemerine,"(12R)-11-methyl-3,5-dioxa-11-azapentacyclo[10.7.1.02,6.08,20.014,19]icosa-1(20),2(6),7,14,16,18-hexaene",119204,,CN1CCC2=CC3=C(C4=C2[C@H]1CC5=CC=CC=C54)OCO3,Alkaloids ,,Plant,Annona cherimolia,Invitro vasorelaxation assay,,Relaxation of rat aorta ,Ca2+ free medium,44.15,,,,10.1016/j.lfs.2006.03.006,Active,CN1CCc2cc3c(c4c2[C@H]1Cc1ccccc1-4)OCO3,JCTYWRARKVGOBK-CQSZACIVSA-N
PT_0085,WVTKBKWTSCPRNU-KYJUHHDHSA-N,tetrandrine,"(1S,14S)-9,20,21,25-tetramethoxy-15,30-dimethyl-7,23-dioxa-15,30-diazaheptacyclo[22.6.2.23,6.18,12.114,18.027,31.022,33]hexatriaconta-3(36),4,6(35),8,10,12(34),18,20,22(33),24,26,31-dodecaene",73078,,CN1CCC2=CC(=C3C=C2[C@@H]1CC4=CC=C(C=C4)OC5=C(C=CC(=C5)C[C@H]6C7=C(O3)C(=C(C=C7CCN6C)OC)OC)OC)OC,Alkaloids ,,Plant,Stephannia tetrandrae,Invitro vasorelaxation assay,,Relaxation of rat aorta ,Ca²⁺ channels,0.12 ± 0.07,,,,10.1111/j.2042-7158.1995.tb05852.x,Active,COc1ccc2cc1Oc1ccc(cc1)C[C@H]1c3cc(c(OC)cc3CCN1C)Oc1c(OC)c(OC)cc3c1[C@H](C2)N(C)CC3,WVTKBKWTSCPRNU-KYJUHHDHSA-N
PT_0087,LJTSNTOXRSAZNS-LBPRGKRZSA-N,dioclein,"(2S)-2-(2,5-dihydroxyphenyl)-5-hydroxy-6,7-dimethoxy-2,3-dihydrochromen-4-one",178055,,COC1=C(C(=C2C(=O)C[C@H](OC2=C1)C3=C(C=CC(=C3)O)O)O)OC,,,,,,,,,0.27 ± 0.05 (K+-induced contraction),,,,10.1016/s0378-8741(97)00092-5,Active,COc1cc2c(c(O)c1OC)C(=O)C[C@@H](c1cc(O)ccc1O)O2,LJTSNTOXRSAZNS-LBPRGKRZSA-N
PT_0094,JDLKFOPOAOFWQN-UHFFFAOYSA-N,allicin,3-prop-2-enylsulfinylsulfanylprop-1-ene,65036,CHEMBL359965,C=CCSS(=O)CC=C,,PubChem,Plant,Allium cepa,In vitro angiotensin converting enzyme inhibitory assay,,,ACE,,,,,,Active,C=CCSS(=O)CC=C,JDLKFOPOAOFWQN-UHFFFAOYSA-N
PT_0101,IKGXIBQEEMLURG-NVPNHPEKSA-N,rutin,"2-(3,4-dihydroxyphenyl)-5,7-dihydroxy-3-[(2S,3R,4S,5S,6R)-3,4,5-trihydroxy-6-[[(2R,3R,4R,5R,6S)-3,4,5-trihydroxy-6-methyloxan-2-yl]oxymethyl]oxan-2-yl]oxychromen-4-one",5280805,,C[C@H]1[C@@H]([C@H]([C@H]([C@@H](O1)OC[C@@H]2[C@H]([C@@H]([C@H]([C@@H](O2)OC3=C(OC4=CC(=CC(=C4C3=O)O)O)C5=CC(=C(C=C5)O)O)O)O)O)O)O)O,flavonoids,PubChem,Plant,Alpinia zerumbet,Ex vivo tests of isolation of the superior mesenteric artery of rats,,,NO and cGMP pathway,,,,,10.1155/2022/8499625,Active,C[C@@H]1O[C@@H](OC[C@H]2O[C@@H](Oc3c(-c4ccc(O)c(O)c4)oc4cc(O)cc(O)c4c3=O)[C@H](O)[C@@H](O)[C@@H]2O)[C@H](O)[C@H](O)[C@H]1O,IKGXIBQEEMLURG-NVPNHPEKSA-N
PT_0111,HJXMNVQARNZTEE-UHFFFAOYSA-N,3-n-butylphthalide,3-butyl-3H-2-benzofuran-1-one,61361,,CCCCC1C2=CC=CC=C2C(=O)O1,,PubChem,Plant,Apium graveolens,In vivo assays with spontaneously hypertensive rats,,"Reduction of renal brosis; reduction of oxidative stress; decreased levels of TNF-α, IL-6, and NF-κB",,,,,,10.1155/2022/8499625,Active,CCCCC1OC(=O)c2ccccc21,HJXMNVQARNZTEE-UHFFFAOYSA-N
PT_0142,SEBIKDIMAPSUBY-RTJKDTQDSA-N,crocin,"bis[(2S,3R,4S,5S,6R)-3,4,5-trihydroxy-6-[[(2R,3R,4S,5S,6R)-3,4,5-trihydroxy-6-(hydroxymethyl)oxan-2-yl]oxymethyl]oxan-2-yl] (2E,4E,6E,8E,10E,12E,14E)-2,6,11,15-tetramethylhexadeca-2,4,6,8,10,12,14-heptaenedioate",5281233,,C/C(=C\C=C\C=C(\C=C\C=C(\C(=O)O[C@@H]1O[C@@H]([C@H]([C@@H]([C@H]1O)O)O)CO[C@@H]2O[C@@H]([C@H]([C@@H]([C@H]2O)O)O)CO)/C)/C)/C=C/C=C(/C(=O)O[C@@H]3O[C@@H]([C@H]([C@@H]([C@H]3O)O)O)CO[C@@H]4O[C@@H]([C@H]([C@@H]([C@H]4O)O)O)CO)\C,tetraterpene,PubChem,Plant,Crocus sativus,In vivo assay in rats through cannulation of arteries and femoral veins of rats with hypertension induced by Ang-II,,"Release of nitric oxide, reduction of oxidative stress, and modulation of the renin angiotensin system","eNOS, RAS",,,,,10.1155/2022/8499625,Active,CC(/C=C/C=C(\C)C(=O)O[C@@H]1O[C@H](CO[C@@H]2O[C@H](CO)[C@@H](O)[C@H](O)[C@H]2O)[C@@H](O)[C@H](O)[C@H]1O)=C\C=C\C=C(C)\C=C\C=C(/C)C(=O)O[C@@H]1O[C@H](CO[C@@H]2O[C@H](CO)[C@@H](O)[C@H](O)[C@H]2O)[C@@H](O)[C@H](O)[C@H]1O,SEBIKDIMAPSUBY-RTJKDTQDSA-N
PT_0143,PANKHBYNKQNAHN-MQQNZMFNSA-N,crocetin,"(2E,4E,6E,8E,10E,12E,14E)-2,6,11,15-tetramethylhexadeca-2,4,6,8,10,12,14-heptaenedioic acid",5281232,,C/C(=C\C=C\C=C(\C=C\C=C(\C(=O)O)/C)/C)/C=C/C=C(/C(=O)O)\C,,PubChem,Plant,Crocus sativus,In vivo assay in rats through cannulation of arteries and femoral veins of rats with hypertension induced by Ang-II,,"Release of nitric oxide, reduction of oxidative stress, and modulation of the renin angiotensin system","eNOS, RAS",,,,,10.1155/2022/8499625,Active,CC(/C=C/C=C(\C)C(=O)O)=C\C=C\C=C(C)\C=C\C=C(/C)C(=O)O,PANKHBYNKQNAHN-MQQNZMFNSA-N
PT_0144,SGAWOGXMMPSZPB-UHFFFAOYSA-N,safranal,"2,6,6-trimethylcyclohexa-1,3-diene-1-carbaldehyde",61041,,CC1=C(C(CC=C1)(C)C)C=O,,PubChem,Plant,Crocus sativus,In vivo assay in rats through cannulation of arteries and femoral veins of rats with hypertension induced by Ang-II,,"Release of nitric oxide, reduction of oxidative stress, and modulation of the renin angiotensin system","eNOS, RAS",,,,,10.1155/2022/8499625,Active,CC1=C(C=O)C(C)(C)CC=C1,SGAWOGXMMPSZPB-UHFFFAOYSA-N
PT_0156,PANKHBYNKQNAHN-MQQNZMFNSA-N,crocetin,"(2E,4E,6E,8E,10E,12E,14E)-2,6,11,15-tetramethylhexadeca-2,4,6,8,10,12,14-heptaenedioic acid",5281232,,C/C(=C\C=C\C=C(\C=C\C=C(\C(=O)O)/C)/C)/C=C/C=C(/C(=O)O)\C,carotenoid,PubChem,Plant,Gardenia jasminoides,"In vivo assays with spontaneously hypertensive rats, ex vivo vasodilation assay on intact endothelium mouse aorta rings, and in vitro assays",,Increase in NO levels by eNOS and iNOS (inducible NO synthase),eNOS,,,,,10.1155/2022/8499625,Active,CC(/C=C/C=C(\C)C(=O)O)=C\C=C\C=C(C)\C=C\C=C(/C)C(=O)O,PANKHBYNKQNAHN-MQQNZMFNSA-N
PT_0158,FTVWIRXFELQLPI-ZDUSSCGKSA-N,naringenin,"(2S)-5,7-dihydroxy-2-(4-hydroxyphenyl)-2,3-dihydrochromen-4-one",439246,,C1[C@H](OC2=CC(=CC(=C2C1=O)O)O)C3=CC=C(C=C3)O,flavonoid,PubChem,Plant,Lippia origanoides,In vivo assays in mice with hypertension by chronic inhibition of nitric oxide,,Activation of calcium-activated potassium channels and increase in cAMP and cytosolic cGMP,Ca2+ activated K+ channels,,,,,10.1155/2022/8499625,Active,O=C1C[C@@H](c2ccc(O)cc2)Oc2cc(O)cc(O)c21,FTVWIRXFELQLPI-ZDUSSCGKSA-N
PT_0160,REFJWTPEDVJJIY-UHFFFAOYSA-N,quercetin,"2-(3,4-dihydroxyphenyl)-3,5,7-trihydroxychromen-4-one",5280343,,C1=CC(=C(C=C1C2=C(C(=O)C3=C(C=C(C=C3O2)O)O)O)O)O,flavonol,PubChem,Plant,Lippia origanoides,In vivo assays in mice with hypertension by chronic inhibition of nitric oxide,,Activation of calcium-activated potassium channels and increase in cAMP and cytosolic cGMP,Ca2+ activated K+ channels,,,,,10.1155/2022/8499625,Active,O=c1c(O)c(-c2ccc(O)c(O)c2)oc2cc(O)cc(O)c12,REFJWTPEDVJJIY-UHFFFAOYSA-N
PT_0161,IQPNAANSBPBGFQ-UHFFFAOYSA-N,Luteolin,"2-(3,4-dihydroxyphenyl)-5,7-dihydroxychromen-4-one",5280445,,C1=CC(=C(C=C1C2=CC(=O)C3=C(C=C(C=C3O2)O)O)O)O,flavone,PubChem,Plant,Lippia origanoides,In vivo assays in mice with hypertension by chronic inhibition of nitric oxide,,Activation of calcium-activated potassium channels and increase in cAMP and cytosolic cGMP,Ca2+ activated K+ channels,,,,,10.1155/2022/8499625,Active,O=c1cc(-c2ccc(O)c(O)c2)oc2cc(O)cc(O)c12,IQPNAANSBPBGFQ-UHFFFAOYSA-N
PT_0169,QAIPRVGONGVQAS-DUXPYHPUSA-N,Caffeic acid,"(E)-3-(3,4-dihydroxyphenyl)prop-2-enoic acid",689043,,C1=CC(=C(C=C1/C=C/C(=O)O)O)O,polyphenol,PubChem,Plant,Mesona precumbens,In vivo assay in spontaneously hypertensive rats and ex vivo assay evaluating the cellular redox state,,Reduction of oxidative stress,,,,,,10.1155/2022/8499625,Active,O=C(O)/C=C/c1ccc(O)c(O)c1,QAIPRVGONGVQAS-DUXPYHPUSA-N
PT_0170,LNTHITQWFMADLM-UHFFFAOYSA-N,Gallic acid,"3,4,5-trihydroxybenzoic acid",370,,C1=C(C=C(C(=C1O)O)O)C(=O)O,flavonoid,PubChem,Plant,Mimosa caesapiniifolia,In vivo assay in normotensive mice; ex vivo testing on isolated tissue preparations,,Activation of the muscarinic and ganglionic pathways and blockade of the transmembrane calcium influx,muscarinic and ganglionic pathways,,,,,10.1155/2022/8499625,Active,O=C(O)c1cc(O)c(O)c(O)c1,LNTHITQWFMADLM-UHFFFAOYSA-N
PT_0171,IKGXIBQEEMLURG-NVPNHPEKSA-N,rutin,"2-(3,4-dihydroxyphenyl)-5,7-dihydroxy-3-[(2S,3R,4S,5S,6R)-3,4,5-trihydroxy-6-[[(2R,3R,4R,5R,6S)-3,4,5-trihydroxy-6-methyloxan-2-yl]oxymethyl]oxan-2-yl]oxychromen-4-one",5280805,,C[C@H]1[C@@H]([C@H]([C@H]([C@@H](O1)OC[C@@H]2[C@H]([C@@H]([C@H]([C@@H](O2)OC3=C(OC4=CC(=CC(=C4C3=O)O)O)C5=CC(=C(C=C5)O)O)O)O)O)O)O)O,flavonoid,PubChem,Plant,Mimosa caesapiniifolia,In vivo assay in normotensive mice; ex vivo testing on isolated tissue preparations,,Activation of the muscarinic and ganglionic pathways and blockade of the transmembrane calcium influx,muscarinic and ganglionic pathways,,,,,10.1155/2022/8499625,Active,C[C@@H]1O[C@@H](OC[C@H]2O[C@@H](Oc3c(-c4ccc(O)c(O)c4)oc4cc(O)cc(O)c4c3=O)[C@H](O)[C@@H](O)[C@@H]2O)[C@H](O)[C@H](O)[C@H]1O,IKGXIBQEEMLURG-NVPNHPEKSA-N
PT_0172,REFJWTPEDVJJIY-UHFFFAOYSA-N,quercetin,"2-(3,4-dihydroxyphenyl)-3,5,7-trihydroxychromen-4-one",5280343,,C1=CC(=C(C=C1C2=C(C(=O)C3=C(C=C(C=C3O2)O)O)O)O)O,flavonoid,PubChem,Plant,Mimosa caesapiniifolia,In vivo assay in normotensive mice; ex vivo testing on isolated tissue preparations,,Activation of the muscarinic and ganglionic pathways and blockade of the transmembrane calcium influx,muscarinic and ganglionic pathways,,,,,10.1155/2022/8499625,Active,O=c1c(O)c(-c2ccc(O)c(O)c2)oc2cc(O)cc(O)c12,REFJWTPEDVJJIY-UHFFFAOYSA-N
PT_0176,DAXYUDFNWXHGBE-KAXDATADSA-N,Rhynchophylline,"methyl (E)-2-[(3R,6'R,7'S,8'aS)-6'-ethyl-2-oxospiro[1H-indole-3,1'-3,5,6,7,8,8a-hexahydro-2H-indolizine]-7'-yl]-3-methoxyprop-2-enoate",5281408,,CC[C@H]1CN2CC[C@]3([C@@H]2C[C@@H]1/C(=C\OC)/C(=O)OC)C4=CC=CC=C4NC3=O,alkaloid,PubChem,Plant,Mitragyna ciliata,Ex vivo rat assays in guinea pig and rat isolated aortic rings,,Blocking of calcium channels,Calcium channels,,,,,10.1155/2022/8499625,Active,CC[C@H]1CN2CC[C@]3(C(=O)Nc4ccccc43)[C@@H]2C[C@@H]1/C(=C\OC)C(=O)OC,DAXYUDFNWXHGBE-KAXDATADSA-N
PT_0180,XMPDGGPOGJOFIJ-UHFFFAOYSA-N,"(±)−7, 8-Dihydroxy-3-methyl-isochromanone-4","7,8-dihydroxy-3-methylisochroman-4-one",25256788,,CC1C(=O)C2=C(CO1)C(=C(C=C2)O)O,polyphenol,PubChem,Plant,Musa sapientum,In vivo assay in spontaneously hypertensive rats,,Reduction of oxidative stress and increase in NO by activation of pathway PI3K/Akt/eNOS,Pathway PI3K/Akt/eNOS,,,,,10.1155/2022/8499625,Active,CC1OCc2c(ccc(O)c2O)C1=O,XMPDGGPOGJOFIJ-UHFFFAOYSA-N
PT_0204,CWVRJTMFETXNAD-JUHZACGLSA-N,chlorogenic acid,"(1S,3R,4R,5R)-3-[(E)-3-(3,4-dihydroxyphenyl)prop-2-enoyl]oxy-1,4,5-trihydroxycyclohexane-1-carboxylic acid",1794427,,C1[C@H]([C@H]([C@@H](C[C@@]1(C(=O)O)O)OC(=O)/C=C/C2=CC(=C(C=C2)O)O)O)O,,,Plant,Prunus persica,Ex vivo rat assay in isolated tissue preparations (aortic ring model),,"NO-sGC-cGMP, vascular prostacyclin, and muscarinic receptor transduction pathway","NO-sGC-cGMP, vascular prostacyclin, and muscarinic receptor transduction pathway",,,,,10.1155/2022/8499625,Active,O=C(/C=C/c1ccc(O)c(O)c1)O[C@@H]1C[C@](O)(C(=O)O)C[C@@H](O)[C@H]1O,CWVRJTMFETXNAD-JUHZACGLSA-N
PT_0205,IYRMWMYZSQPJKC-UHFFFAOYSA-N,kaempferol,"3,5,7-trihydroxy-2-(4-hydroxyphenyl)chromen-4-one",5280863,,C1=CC(=CC=C1C2=C(C(=O)C3=C(C=C(C=C3O2)O)O)O)O,,,Plant,Prunus persica,Ex vivo rat assay in isolated tissue preparations (aortic ring model),,"NO-sGC-cGMP, vascular prostacyclin, and muscarinic receptor transduction pathway","NO-sGC-cGMP, vascular prostacyclin, and muscarinic receptor transduction pathway",,,,,10.1155/2022/8499625,Active,O=c1c(O)c(-c2ccc(O)cc2)oc2cc(O)cc(O)c12,IYRMWMYZSQPJKC-UHFFFAOYSA-N
PT_0207,LELOWRISYMNNSU-UHFFFAOYSA-N,prussic acid,formonitrile,768,,C#N,,,Plant,Prunus persica,Ex vivo rat assay in isolated tissue preparations (aortic ring model),,"NO-sGC-cGMP, vascular prostacyclin, and muscarinic receptor transduction pathway","NO-sGC-cGMP, vascular prostacyclin, and muscarinic receptor transduction pathway",,,,,10.1155/2022/8499625,Active,C#N,LELOWRISYMNNSU-UHFFFAOYSA-N
PT_0210,QEVHRUUCFGRFIF-MDEJGZGSSA-N,reserpine,"methyl (1R,15S,17R,18R,19S,20S)-6,18-dimethoxy-17-(3,4,5-trimethoxybenzoyl)oxy-1,3,11,12,14,15,16,17,18,19,20,21-dodecahydroyohimban-19-carboxylate",5770,,CO[C@H]1[C@@H](C[C@@H]2CN3CCC4=C([C@H]3C[C@@H]2[C@@H]1C(=O)OC)NC5=C4C=CC(=C5)OC)OC(=O)C6=CC(=C(C(=C6)OC)OC)OC,,,Plant,Rauvolfia serpentina,In vivo assay in rats with hypertension induced by high salt diet,,Protecting the liver and renal architectures,,,,,,10.1155/2022/8499625,Active,COC(=O)[C@H]1[C@H]2C[C@@H]3c4[nH]c5cc(OC)ccc5c4CCN3C[C@H]2C[C@@H](OC(=O)c2cc(OC)c(OC)c(OC)c2)[C@@H]1OC,QEVHRUUCFGRFIF-MDEJGZGSSA-N
PT_0211,GRTOGORTSDXSFK-XJTZBENFSA-N,ajmalicine,"methyl (1S,15R,16S,20S)-16-methyl-17-oxa-3,13-diazapentacyclo[11.8.0.02,10.04,9.015,20]henicosa-2(10),4,6,8,18-pentaene-19-carboxylate",441975,,C[C@H]1[C@H]2CN3CCC4=C([C@@H]3C[C@@H]2C(=CO1)C(=O)OC)NC5=CC=CC=C45,,,Plant,Rauvolfia serpentina,In vivo assay in rats with hypertension induced by high salt diet,,Protecting the liver and renal architectures,,,,,,10.1155/2022/8499625,Active,COC(=O)C1=CO[C@@H](C)[C@H]2CN3CCc4c([nH]c5ccccc45)[C@@H]3C[C@H]12,GRTOGORTSDXSFK-XJTZBENFSA-N
PT_0220,BLGXFZZNTVWLAY-SCYLSFHTSA-N,yohimbine,"methyl (1S,15R,18S,19R,20S)-18-hydroxy-1,3,11,12,14,15,16,17,18,19,20,21-dodecahydroyohimban-19-carboxylate",8969,,COC(=O)[C@H]1[C@H](CC[C@@H]2[C@@H]1C[C@H]3C4=C(CCN3C2)C5=CC=CC=C5N4)O,,,Plant,Rauvolfia serpentina,In vivo assay in rats with hypertension induced by high salt diet,,Protecting the liver and renal architectures,,,,,,10.1155/2022/8499625,Active,COC(=O)[C@@H]1[C@H]2C[C@H]3c4[nH]c5ccccc5c4CCN3C[C@@H]2CC[C@@H]1O,BLGXFZZNTVWLAY-SCYLSFHTSA-N
PT_0223,SNKFFCBZYFGCQN-VWUOOIFGSA-N,Lithospermic acid B,"(2R)-2-[(E)-3-[(2S,3S)-3-[(1R)-1-carboxy-2-(3,4-dihydroxyphenyl)ethoxy]carbonyl-2-(3,4-dihydroxyphenyl)-7-hydroxy-2,3-dihydro-1-benzofuran-4-yl]prop-2-enoyl]oxy-3-(3,4-dihydroxyphenyl)propanoic acid",6451084,,C1=CC(=C(C=C1C[C@H](C(=O)O)OC(=O)/C=C/C2=C3[C@@H]([C@H](OC3=C(C=C2)O)C4=CC(=C(C=C4)O)O)C(=O)O[C@H](CC5=CC(=C(C=C5)O)O)C(=O)O)O)O,,,Plant,Salvia miltiorrhiza,Ex vivo assays for vasodilation in rat aortic rings,,ACE inhibition,ACE,,,,,10.1155/2022/8499625,Active,O=C(/C=C/c1ccc(O)c2c1[C@H](C(=O)O[C@H](Cc1ccc(O)c(O)c1)C(=O)O)[C@@H](c1ccc(O)c(O)c1)O2)O[C@H](Cc1ccc(O)c(O)c1)C(=O)O,SNKFFCBZYFGCQN-VWUOOIFGSA-N
PT_0233,NLZCOTZRUWYPTP-MIUGBVLSSA-N,tilianin,"5-hydroxy-2-(4-methoxyphenyl)-7-[(2S,3R,4S,5S,6R)-3,4,5-trihydroxy-6-(hydroxymethyl)oxan-2-yl]oxychromen-4-one",5321954,,COC1=CC=C(C=C1)C2=CC(=O)C3=C(C=C(C=C3O2)O[C@H]4[C@@H]([C@H]([C@@H]([C@H](O4)CO)O)O)O)O,Phenols,,Plant,Agastache Mexicana,in vitro,,,NO and K+,,,,,10.1177/1934578X1300800434,Active,COc1ccc(-c2cc(=O)c3c(O)cc(O[C@@H]4O[C@H](CO)[C@@H](O)[C@H](O)[C@H]4O)cc3o2)cc1,NLZCOTZRUWYPTP-MIUGBVLSSA-N
PT_0234,KZNIFHPLKGYRTM-UHFFFAOYSA-N,apigenin,"5,7-dihydroxy-2-(4-hydroxyphenyl)chromen-4-one",5280443,,C1=CC(=CC=C1C2=CC(=O)C3=C(C=C(C=C3O2)O)O)O,Phenols,,Plant,Ailanthus excelsa Roxb.,in vitro,,,ACE,,,,,10.1177/1934578X1300800434,Active,O=c1cc(-c2ccc(O)cc2)oc2cc(O)cc(O)c12,KZNIFHPLKGYRTM-UHFFFAOYSA-N
PT_0236,IYRMWMYZSQPJKC-UHFFFAOYSA-N,kaempferol,"3,5,7-trihydroxy-2-(4-hydroxyphenyl)chromen-4-one",5280863,,C1=CC(=CC=C1C2=C(C(=O)C3=C(C=C(C=C3O2)O)O)O)O,Phenols,,Plant,Ailanthus excelsa Roxb.,in vitro,,,ACE,,,,,10.1177/1934578X1300800434,Active,O=c1c(O)c(-c2ccc(O)cc2)oc2cc(O)cc(O)c12,IYRMWMYZSQPJKC-UHFFFAOYSA-N
PT_0237,REFJWTPEDVJJIY-UHFFFAOYSA-N,quercetin,"2-(3,4-dihydroxyphenyl)-3,5,7-trihydroxychromen-4-one",5280343,,C1=CC(=C(C=C1C2=C(C(=O)C3=C(C=C(C=C3O2)O)O)O)O)O,Phenols,,Plant,Ailanthus excelsa Roxb.,in vitro,,,ACE,,,,,10.1177/1934578X1300800434,Active,O=c1c(O)c(-c2ccc(O)c(O)c2)oc2cc(O)cc(O)c12,REFJWTPEDVJJIY-UHFFFAOYSA-N
PT_0241,MBRLOUHOWLUMFF-UHFFFAOYSA-N,osthole,7-methoxy-8-(3-methylbut-2-enyl)chromen-2-one,10228,,CC(=CCC1=C(C=CC2=C1OC(=O)C=C2)OC)C,Phenols,,Plant,Cnidium monnieri,in vitro,,,Ca2+-channel,,,,,10.1177/1934578X1300800434,Active,COc1ccc2ccc(=O)oc2c1CC=C(C)C,MBRLOUHOWLUMFF-UHFFFAOYSA-N
PT_0246,FBSKJMQYURKNSU-ZLSOWSIRSA-N,acteoside,"[(2R,3R,4R,5R,6R)-6-[2-(3,4-dihydroxyphenyl)ethoxy]-5-hydroxy-2-(hydroxymethyl)-4-[(2S,3R,4R,5R,6S)-3,4,5-trihydroxy-6-methyloxan-2-yl]oxyoxan-3-yl] (E)-3-(3,4-dihydroxyphenyl)prop-2-enoate",5281800,,C[C@H]1[C@@H]([C@H]([C@H]([C@@H](O1)O[C@@H]2[C@H]([C@@H](O[C@@H]([C@H]2OC(=O)/C=C/C3=CC(=C(C=C3)O)O)CO)OCCC4=CC(=C(C=C4)O)O)O)O)O)O,Phenols,,Plant,Cistanche tubulosa,in vitro,,,Ca2+-channel,,,,,10.1177/1934578X1300800434,Active,C[C@@H]1O[C@@H](O[C@@H]2[C@@H](O)[C@H](OCCc3ccc(O)c(O)c3)O[C@H](CO)[C@H]2OC(=O)/C=C/c2ccc(O)c(O)c2)[C@H](O)[C@H](O)[C@H]1O,FBSKJMQYURKNSU-ZLSOWSIRSA-N
PT_0248,FBSKJMQYURKNSU-ZLSOWSIRSA-N,acteoside,"[(2R,3R,4R,5R,6R)-6-[2-(3,4-dihydroxyphenyl)ethoxy]-5-hydroxy-2-[[(2R,3R,4S,5S,6R)-3,4,5-trihydroxy-6-(hydroxymethyl)oxan-2-yl]oxymethyl]-4-[(2S,3R,4R,5R,6S)-3,4,5-trihydroxy-6-methyloxan-2-yl]oxyoxan-3-yl] (E)-3-(3,4-dihydroxyphenyl)prop-2-enoate",5281800,,C[C@H]1[C@@H]([C@H]([C@H]([C@@H](O1)O[C@@H]2[C@H]([C@@H](O[C@@H]([C@H]2OC(=O)/C=C/C3=CC(=C(C=C3)O)O)CO)OCCC4=CC(=C(C=C4)O)O)O)O)O)O,Phenols,,Plant,Clerodendron trichotomum,in vitro,,,ACE,,,,,10.1177/1934578X1300800434,Active,C[C@@H]1O[C@@H](O[C@@H]2[C@@H](O)[C@H](OCCc3ccc(O)c(O)c3)O[C@H](CO)[C@H]2OC(=O)/C=C/c2ccc(O)c(O)c2)[C@H](O)[C@H](O)[C@H]1O,FBSKJMQYURKNSU-ZLSOWSIRSA-N
PT_0249,ZMYQRHSOVRDQDL-CPPDSBOHSA-N,leucosceptoside,"[(2R,3R,4R,5R,6R)-6-[2-(3,4-dihydroxyphenyl)ethoxy]-5-hydroxy-2-(hydroxymethyl)-4-[(2S,3R,4R,5R,6S)-3,4,5-trihydroxy-6-methyloxan-2-yl]oxyoxan-3-yl] (E)-3-(4-hydroxy-3-methoxyphenyl)prop-2-enoate",10394343,,C[C@H]1[C@@H]([C@H]([C@H]([C@@H](O1)O[C@@H]2[C@H]([C@@H](O[C@@H]([C@H]2OC(=O)/C=C/C3=CC(=C(C=C3)O)OC)CO)OCCC4=CC(=C(C=C4)O)O)O)O)O)O,Phenols,,Plant,Clerodendron trichotomum,in vitro,,,ACE,,,,,10.1177/1934578X1300800434,Active,COc1cc(/C=C/C(=O)O[C@H]2[C@H](O[C@@H]3O[C@@H](C)[C@H](O)[C@@H](O)[C@H]3O)[C@@H](O)[C@H](OCCc3ccc(O)c(O)c3)O[C@@H]2CO)ccc1O,ZMYQRHSOVRDQDL-CPPDSBOHSA-N
PT_0250,WLWAYPFRKDSFCL-CNMJWYMJSA-N,martynoside,"[(2R,3R,4R,5R,6R)-5-hydroxy-6-[2-(3-hydroxy-4-methoxyphenyl)ethoxy]-2-(hydroxymethyl)-4-[(2S,3R,4R,5R,6S)-3,4,5-trihydroxy-6-methyloxan-2-yl]oxyoxan-3-yl] (E)-3-(4-hydroxy-3-methoxyphenyl)prop-2-enoate",5319292,,C[C@H]1[C@@H]([C@H]([C@H]([C@@H](O1)O[C@@H]2[C@H]([C@@H](O[C@@H]([C@H]2OC(=O)/C=C/C3=CC(=C(C=C3)O)OC)CO)OCCC4=CC(=C(C=C4)OC)O)O)O)O)O,Phenols,,Plant,Clerodendron trichotomum,in vitro,,,ACE,,,,,10.1177/1934578X1300800434,Active,COc1ccc(CCO[C@@H]2O[C@H](CO)[C@@H](OC(=O)/C=C/c3ccc(O)c(OC)c3)[C@H](O[C@@H]3O[C@@H](C)[C@H](O)[C@@H](O)[C@H]3O)[C@H]2O)cc1O,WLWAYPFRKDSFCL-CNMJWYMJSA-N
PT_0251,CWVRJTMFETXNAD-JUHZACGLSA-N,caffeoylquinic acid,"(1S,3R,4R,5R)-3-[(E)-3-(3,4-dihydroxyphenyl)prop-2-enoyl]oxy-1,4,5-trihydroxycyclohexane-1-carboxylic acid",1794427,,C1[C@H]([C@H]([C@@H](C[C@@]1(C(=O)O)O)OC(=O)/C=C/C2=CC(=C(C=C2)O)O)O)O,Phenols,,Plant,Cuscuta japonica Choisy,in vitro,,,ACE,,,,,10.1177/1934578X1300800434,Active,O=C(/C=C/c1ccc(O)c(O)c1)O[C@@H]1C[C@](O)(C(=O)O)C[C@@H](O)[C@H]1O,CWVRJTMFETXNAD-JUHZACGLSA-N
PT_0252,LJTSNTOXRSAZNS-LBPRGKRZSA-N,dioclein,"(2S)-2-(2,5-dihydroxyphenyl)-5-hydroxy-6,7-dimethoxy-2,3-dihydrochromen-4-one",178055,,COC1=C(C(=C2C(=O)C[C@H](OC2=C1)C3=C(C=CC(=C3)O)O)O)OC,Phenols,,Plant,Dioclea grandiflora Mart. ex,in vitro,,,Ca2+ and K+ channels,,,,,10.1177/1934578X1300800434,Active,COc1cc2c(c(O)c1OC)C(=O)C[C@@H](c1cc(O)ccc1O)O2,LJTSNTOXRSAZNS-LBPRGKRZSA-N
PT_0253,JPUKWEQWGBDDQB-QSOFNFLRSA-N,astragalin,"5,7-dihydroxy-2-(4-hydroxyphenyl)-3-[(2S,3R,4S,5S,6R)-3,4,5-trihydroxy-6-(hydroxymethyl)oxan-2-yl]oxychromen-4-one",5282102,,C1=CC(=CC=C1C2=C(C(=O)C3=C(C=C(C=C3O2)O)O)O[C@H]4[C@@H]([C@H]([C@@H]([C@H](O4)CO)O)O)O)O,Phenols,,Plant,Diospyros kaki Thunb.,in vitro,,,ACE,,,,,10.1177/1934578X1300800434,Active,O=c1c(O[C@@H]2O[C@H](CO)[C@@H](O)[C@H](O)[C@H]2O)c(-c2ccc(O)cc2)oc2cc(O)cc(O)c12,JPUKWEQWGBDDQB-QSOFNFLRSA-N
PT_0254,OVSQVDMCBVZWGM-QSOFNFLRSA-N,isoquercitrin,"2-(3,4-dihydroxyphenyl)-5,7-dihydroxy-3-[(2S,3R,4S,5S,6R)-3,4,5-trihydroxy-6-(hydroxymethyl)oxan-2-yl]oxychromen-4-one",5280804,,C1=CC(=C(C=C1C2=C(C(=O)C3=C(C=C(C=C3O2)O)O)O[C@H]4[C@@H]([C@H]([C@@H]([C@H](O4)CO)O)O)O)O)O,Phenols,,Plant,Diospyros kaki Thunb.,in vitro,,,ACE,,,,,10.1177/1934578X1300800434,Active,O=c1c(O[C@@H]2O[C@H](CO)[C@@H](O)[C@H](O)[C@H]2O)c(-c2ccc(O)c(O)c2)oc2cc(O)cc(O)c12,OVSQVDMCBVZWGM-QSOFNFLRSA-N
PT_0255,REFJWTPEDVJJIY-UHFFFAOYSA-N,quercetin,"2-(3,4-dihydroxyphenyl)-3,5,7-trihydroxychromen-4-one",5280343,,C1=CC(=C(C=C1C2=C(C(=O)C3=C(C=C(C=C3O2)O)O)O)O)O,Phenols,,Plant,Diospyros kaki Thunb.,in vitro,,,ACE,,,,,10.1177/1934578X1300800434,Active,O=c1c(O)c(-c2ccc(O)c(O)c2)oc2cc(O)cc(O)c12,REFJWTPEDVJJIY-UHFFFAOYSA-N
PT_0256,ZROGCCBNZBKLEL-MPRHSVQHSA-N,astilbin,"(2R,3R)-2-(3,4-dihydroxyphenyl)-5,7-dihydroxy-3-[(2S,3R,4R,5R,6S)-3,4,5-trihydroxy-6-methyloxan-2-yl]oxy-2,3-dihydrochromen-4-one",119258,,C[C@H]1[C@@H]([C@H]([C@H]([C@@H](O1)O[C@@H]2[C@H](OC3=CC(=CC(=C3C2=O)O)O)C4=CC(=C(C=C4)O)O)O)O)O,Phenols,,Plant,Erythroxylum gonocladum O.E. Schulz,in vitro,,,ACE,,,,,10.1177/1934578X1300800434,Active,C[C@@H]1O[C@@H](O[C@H]2C(=O)c3c(O)cc(O)cc3O[C@@H]2c2ccc(O)c(O)c2)[C@H](O)[C@H](O)[C@H]1O,ZROGCCBNZBKLEL-MPRHSVQHSA-N
PT_0258,WYOSCUWDVFHQFY-UHFFFAOYSA-N,gentiacaulein,"2,8-dihydroxy-1,6-dimethoxyxanthen-9-one",5281634,,COC1=CC(=C2C(=C1)OC3=C(C2=O)C(=C(C=C3)O)OC)O,Phenols,,Plant,Gentiana kochiana E.P.Perrier & Songeon,in vitro,,,ACE,,,,,10.1177/1934578X1300800434,Active,COc1cc(O)c2c(=O)c3c(OC)c(O)ccc3oc2c1,WYOSCUWDVFHQFY-UHFFFAOYSA-N
PT_0259,BDBVOZGRVBXANN-UHFFFAOYSA-N,gentiakochianin,"1,2,8-trihydroxy-6-methoxyxanthen-9-one",5281661,,COC1=CC(=C2C(=C1)OC3=C(C2=O)C(=C(C=C3)O)O)O,Phenols,,Plant,Gentiana kochiana E.P.Perrier & Songeon,in vitro,,,ACE,,,,,10.1177/1934578X1300800434,Active,COc1cc(O)c2c(=O)c3c(O)c(O)ccc3oc2c1,BDBVOZGRVBXANN-UHFFFAOYSA-N
PT_0260,AYMYWHCQALZEGT-ORCRQEGFSA-N,butein,"(E)-1-(2,4-dihydroxyphenyl)-3-(3,4-dihydroxyphenyl)prop-2-en-1-one",5281222,,C1=CC(=C(C=C1/C=C/C(=O)C2=C(C=C(C=C2)O)O)O)O,Phenols,,Plant,Gentiana kochiana E.P.Perrier & Songeon,in vitro,,,ACE,,,,,10.1177/1934578X1300800434,Active,O=C(/C=C/c1ccc(O)c(O)c1)c1ccc(O)cc1O,AYMYWHCQALZEGT-ORCRQEGFSA-N
PT_0263,CHBITXAMNKHJCR-VGYCLGPVSA-N,5-desgalloylstachyurin,"(14R,15S,19S)-14-[(10R,11R)-3,4,5,11,17,18,19-heptahydroxy-8,14-dioxo-9,13-dioxatricyclo[13.4.0.02,7]nonadeca-1(19),2,4,6,15,17-hexaen-10-yl]-2,3,4,7,8,9,19-heptahydroxy-13,16-dioxatetracyclo[13.3.1.05,18.06,11]nonadeca-1,3,5(18),6,8,10-hexaene-12,17-dione",10417809,,C1[C@H]([C@@H](OC(=O)C2=CC(=C(C(=C2C3=C(C(=C(C=C3C(=O)O1)O)O)O)O)O)O)[C@H]4[C@@H]5[C@H](C6=C(C(=C(C(=C6C(=O)O5)C7=C(C(=C(C=C7C(=O)O4)O)O)O)O)O)O)O)O,Phenols,,Plant,Geum japonicum Thunb.,in vitro,,,NO ,,,,,10.1177/1934578X1300800434,Active,O=C1OC[C@@H](O)[C@H]([C@@H]2OC(=O)c3cc(O)c(O)c(O)c3-c3c(O)c(O)c(O)c4c3C(=O)O[C@H]2[C@H]4O)OC(=O)c2cc(O)c(O)c(O)c2-c2c1cc(O)c(O)c2O,CHBITXAMNKHJCR-VGYCLGPVSA-N
PT_0264,HGVVOUNEGQIPMS-UHFFFAOYSA-N,procyanidin,"2-(3,4-dihydroxyphenyl)-2-[[2-(3,4-dihydroxyphenyl)-5,7-dihydroxy-3,4-dihydro-2H-chromen-3-yl]oxy]-3,4-dihydrochromene-3,4,5,7-tetrol",107876,,C1C(C(OC2=CC(=CC(=C21)O)O)C3=CC(=C(C=C3)O)O)OC4(C(C(C5=C(C=C(C=C5O4)O)O)O)O)C6=CC(=C(C=C6)O)O,Phenols,,Plant,Guazuma ulmifolia Lam.,in vitro,,,NO ,,,,,10.1177/1934578X1300800434,Active,Oc1cc(O)c2c(c1)OC(c1ccc(O)c(O)c1)C(OC1(c3ccc(O)c(O)c3)Oc3cc(O)cc(O)c3C(O)C1O)C2,HGVVOUNEGQIPMS-UHFFFAOYSA-N
PT_0265,TWYYVOVDSNRIJM-UHFFFAOYSA-O,delphinidin-3-O-sambubioside,"2-[2-[5,7-dihydroxy-2-(3,4,5-trihydroxyphenyl)chromenylium-3-yl]oxy-4,5-dihydroxy-6-(hydroxymethyl)oxan-3-yl]oxyoxane-3,4,5-triol",74977035,,C1C(C(C(C(O1)OC2C(C(C(OC2OC3=CC4=C(C=C(C=C4[O+]=C3C5=CC(=C(C(=C5)O)O)O)O)O)CO)O)O)O)O)O,Phenols,,Plant,Hibiscus sabdariffa Rottler,in vitro,,,ACE,,,,,10.1177/1934578X1300800434,Active,OCC1OC(Oc2cc3c(O)cc(O)cc3[o+]c2-c2cc(O)c(O)c(O)c2)C(OC2OCC(O)C(O)C2O)C(O)C1O,TWYYVOVDSNRIJM-UHFFFAOYSA-O
PT_0266,WCGUUGGRBIKTOS-GPOJBZKASA-N,ursolic acid,"(1S,2R,4aS,6aR,6aS,6bR,8aR,10S,12aR,14bS)-10-hydroxy-1,2,6a,6b,9,9,12a-heptamethyl-2,3,4,5,6,6a,7,8,8a,10,11,12,13,14b-tetradecahydro-1H-picene-4a-carboxylic acid",64945,,C[C@@H]1CC[C@@]2(CC[C@@]3(C(=CC[C@H]4[C@]3(CC[C@@H]5[C@@]4(CC[C@@H](C5(C)C)O)C)C)[C@@H]2[C@H]1C)C)C(=O)O,Phenols,,Plant,Lepechinia caulescens (Ortega) Epling,in vitro,,,NO,,,,,10.1177/1934578X1300800434,Active,C[C@H]1[C@H](C)CC[C@]2(C(=O)O)CC[C@]3(C)C(=CC[C@@H]4[C@@]5(C)CC[C@H](O)C(C)(C)[C@@H]5CC[C@]43C)[C@H]12,WCGUUGGRBIKTOS-GPOJBZKASA-N
PT_0267,FINHMKGKINIASC-UHFFFAOYSA-N,tetramethylpyrazine,"2,3,5,6-tetramethylpyrazine",14296,,CC1=C(N=C(C(=N1)C)C)C,Phenols,,Plant,Ligusticum wallichii Franch.,in vitro,,,Ca2+-channel,,,,,10.1177/1934578X1300800434,Active,Cc1nc(C)c(C)nc1C,FINHMKGKINIASC-UHFFFAOYSA-N
PT_0268,FBSKJMQYURKNSU-ZLSOWSIRSA-N,acteoside,"[(2R,3R,4R,5R,6R)-6-[2-(3,4-dihydroxyphenyl)ethoxy]-5-hydroxy-2-(hydroxymethyl)-4-[(2S,3R,4R,5R,6S)-3,4,5-trihydroxy-6-methyloxan-2-yl]oxyoxan-3-yl] (E)-3-(3,4-dihydroxyphenyl)prop-2-enoate",5281800,,C[C@H]1[C@@H]([C@H]([C@H]([C@@H](O1)O[C@@H]2[C@H]([C@@H](O[C@@H]([C@H]2OC(=O)/C=C/C3=CC(=C(C=C3)O)O)CO)OCCC4=CC(=C(C=C4)O)O)O)O)O)O,Phenols,,Plant,Ligustrum purpurascens Yang,in vitro,,,Ca2+-channel and ACE,,,,,10.1177/1934578X1300800434,Active,C[C@@H]1O[C@@H](O[C@@H]2[C@@H](O)[C@H](OCCc3ccc(O)c(O)c3)O[C@H](CO)[C@H]2OC(=O)/C=C/c2ccc(O)c(O)c2)[C@H](O)[C@H](O)[C@H]1O,FBSKJMQYURKNSU-ZLSOWSIRSA-N
PT_0269,ZMYQRHSOVRDQDL-CPPDSBOHSA-N,leucosceptoside A,"[(2R,3R,4R,5R,6R)-6-[2-(3,4-dihydroxyphenyl)ethoxy]-5-hydroxy-2-(hydroxymethyl)-4-[(2S,3R,4R,5R,6S)-3,4,5-trihydroxy-6-methyloxan-2-yl]oxyoxan-3-yl] (E)-3-(4-hydroxy-3-methoxyphenyl)prop-2-enoate",10394343,,C[C@H]1[C@@H]([C@H]([C@H]([C@@H](O1)O[C@@H]2[C@H]([C@@H](O[C@@H]([C@H]2OC(=O)/C=C/C3=CC(=C(C=C3)O)OC)CO)OCCC4=CC(=C(C=C4)O)O)O)O)O)O,Phenols,,Plant,Ligustrum purpurascens Yang,in vitro,,,Ca2+-channel and ACE,,,,,10.1177/1934578X1300800434,Active,COc1cc(/C=C/C(=O)O[C@H]2[C@H](O[C@@H]3O[C@@H](C)[C@H](O)[C@@H](O)[C@H]3O)[C@@H](O)[C@H](OCCc3ccc(O)c(O)c3)O[C@@H]2CO)ccc1O,ZMYQRHSOVRDQDL-CPPDSBOHSA-N
PT_0270,WLWAYPFRKDSFCL-CNMJWYMJSA-N,martynoside,"[(2R,3R,4R,5R,6R)-5-hydroxy-6-[2-(3-hydroxy-4-methoxyphenyl)ethoxy]-2-(hydroxymethyl)-4-[(2S,3R,4R,5R,6S)-3,4,5-trihydroxy-6-methyloxan-2-yl]oxyoxan-3-yl] (E)-3-(4-hydroxy-3-methoxyphenyl)prop-2-enoate",5319292,,C[C@H]1[C@@H]([C@H]([C@H]([C@@H](O1)O[C@@H]2[C@H]([C@@H](O[C@@H]([C@H]2OC(=O)/C=C/C3=CC(=C(C=C3)O)OC)CO)OCCC4=CC(=C(C=C4)OC)O)O)O)O)O,Phenols,,Plant,Ligustrum purpurascens Yang,in vitro,,,Ca2+-channel and ACE,,,,,10.1177/1934578X1300800434,Active,COc1ccc(CCO[C@@H]2O[C@H](CO)[C@@H](OC(=O)/C=C/c3ccc(O)c(OC)c3)[C@H](O[C@@H]3O[C@@H](C)[C@H](O)[C@@H](O)[C@H]3O)[C@H]2O)cc1O,WLWAYPFRKDSFCL-CNMJWYMJSA-N
PT_0271,YJWBWQWUHVXPNC-AWEZNQCLSA-N,dicentrine,"(12S)-16,17-dimethoxy-11-methyl-3,5-dioxa-11-azapentacyclo[10.7.1.02,6.08,20.014,19]icosa-1(20),2(6),7,14,16,18-hexaene",101300,,CN1CCC2=CC3=C(C4=C2[C@@H]1CC5=CC(=C(C=C54)OC)OC)OCO3,Phenols,,Plant,Lindera megaphylla Hemsl.,in vitro,,,α1-adrenergic receptors,,,,,10.1177/1934578X1300800434,Active,COc1cc2c(cc1OC)-c1c3c(cc4c1[C@H](C2)N(C)CC4)OCO3,YJWBWQWUHVXPNC-AWEZNQCLSA-N
PT_0272,RATQVALKDAUZBW-XPMKZLBQSA-N,tetragalloylglucose,"[(2R,3R,4S,5R,6S)-3-hydroxy-4,5,6-tris[(3,4,5-trihydroxybenzoyl)oxy]oxan-2-yl]methyl 3,4,5-trihydroxybenzoate",73178,,C1=C(C=C(C(=C1O)O)O)C(=O)OC[C@@H]2[C@H]([C@@H]([C@H]([C@@H](O2)OC(=O)C3=CC(=C(C(=C3)O)O)O)OC(=O)C4=CC(=C(C(=C4)O)O)O)OC(=O)C5=CC(=C(C(=C5)O)O)O)O,Phenols,,Plant,Paeonia moutan Sims,in vitro,,,NO,,,,,10.1177/1934578X1300800434,Active,O=C(OC[C@H]1O[C@@H](OC(=O)c2cc(O)c(O)c(O)c2)[C@H](OC(=O)c2cc(O)c(O)c(O)c2)[C@@H](OC(=O)c2cc(O)c(O)c(O)c2)[C@@H]1O)c1cc(O)c(O)c(O)c1,RATQVALKDAUZBW-XPMKZLBQSA-N
PT_0273,QJYNZEYHSMRWBK-NIKIMHBISA-N,pentagalloylglucose,"[(2R,3R,4S,5R,6S)-3,4,5,6-tetrakis[(3,4,5-trihydroxybenzoyl)oxy]oxan-2-yl]methyl 3,4,5-trihydroxybenzoate",65238,,C1=C(C=C(C(=C1O)O)O)C(=O)OC[C@@H]2[C@H]([C@@H]([C@H]([C@@H](O2)OC(=O)C3=CC(=C(C(=C3)O)O)O)OC(=O)C4=CC(=C(C(=C4)O)O)O)OC(=O)C5=CC(=C(C(=C5)O)O)O)OC(=O)C6=CC(=C(C(=C6)O)O)O,Phenols,,Plant,Paeonia moutan Sims,in vitro,,,NO,,,,,10.1177/1934578X1300800434,Active,O=C(OC[C@H]1O[C@@H](OC(=O)c2cc(O)c(O)c(O)c2)[C@H](OC(=O)c2cc(O)c(O)c(O)c2)[C@@H](OC(=O)c2cc(O)c(O)c(O)c2)[C@@H]1OC(=O)c1cc(O)c(O)c(O)c1)c1cc(O)c(O)c(O)c1,QJYNZEYHSMRWBK-NIKIMHBISA-N
PT_0276,SNKFFCBZYFGCQN-VWUOOIFGSA-N,salvianolic acid B,"(2R)-2-[(E)-3-[(2S,3S)-3-[(1R)-1-carboxy-2-(3,4-dihydroxyphenyl)ethoxy]carbonyl-2-(3,4-dihydroxyphenyl)-7-hydroxy-2,3-dihydro-1-benzofuran-4-yl]prop-2-enoyl]oxy-3-(3,4-dihydroxyphenyl)propanoic acid",6451084,,C1=CC(=C(C=C1C[C@H](C(=O)O)OC(=O)/C=C/C2=C3[C@@H]([C@H](OC3=C(C=C2)O)C4=CC(=C(C=C4)O)O)C(=O)O[C@H](CC5=CC(=C(C=C5)O)O)C(=O)O)O)O,Phenols,,Plant,Salvia miltiorrhiza Bunge,in vitro,,,Ca2+-channel and ACE,,,,,10.1177/1934578X1300800434,Active,O=C(/C=C/c1ccc(O)c2c1[C@H](C(=O)O[C@H](Cc1ccc(O)c(O)c1)C(=O)O)[C@@H](c1ccc(O)c(O)c1)O2)O[C@H](Cc1ccc(O)c(O)c1)C(=O)O,SNKFFCBZYFGCQN-VWUOOIFGSA-N
PT_0278,REFJWTPEDVJJIY-UHFFFAOYSA-N,quercetin,"2-(3,4-dihydroxyphenyl)-3,5,7-trihydroxychromen-4-one",5280343,,C1=CC(=C(C=C1C2=C(C(=O)C3=C(C=C(C=C3O2)O)O)O)O)O,Phenols,,Plant,Sedum sarmentosum Bunge,in vitro,,,ACE,,,,,10.1177/1934578X1300800434,Active,O=c1c(O)c(-c2ccc(O)c(O)c2)oc2cc(O)cc(O)c12,REFJWTPEDVJJIY-UHFFFAOYSA-N
PT_0279,YUSWMAULDXZHPY-UHFFFAOYSA-N,amentoflavone,"8-[5-(5,7-dihydroxy-4-oxochromen-2-yl)-2-hydroxyphenyl]-5,7-dihydroxy-2-(4-hydroxyphenyl)chromen-4-one",5281600,,C1=CC(=CC=C1C2=CC(=O)C3=C(O2)C(=C(C=C3O)O)C4=C(C=CC(=C4)C5=CC(=O)C6=C(C=C(C=C6O5)O)O)O)O,Phenols,,Plant,Selaginella tamariscina L.,in vitro,,,Ca2+-channel,,,,,10.1177/1934578X1300800434,Active,O=c1cc(-c2ccc(O)c(-c3c(O)cc(O)c4c(=O)cc(-c5ccc(O)cc5)oc34)c2)oc2cc(O)cc(O)c12,YUSWMAULDXZHPY-UHFFFAOYSA-N
PT_0281,JPUKWEQWGBDDQB-QSOFNFLRSA-N,kaempferol glucoside,"5,7-dihydroxy-2-(4-hydroxyphenyl)-3-[(2S,3R,4S,5S,6R)-3,4,5-trihydroxy-6-(hydroxymethyl)oxan-2-yl]oxychromen-4-one",5282102,,C1=CC(=CC=C1C2=C(C(=O)C3=C(C=C(C=C3O2)O)O)O[C@H]4[C@@H]([C@H]([C@@H]([C@H](O4)CO)O)O)O)O,flavanol,,Plant,Tropaeolum majus L.,in vitro,,,ACE,,,,,10.1177/1934578X1300800434,,O=c1c(O[C@@H]2O[C@H](CO)[C@@H](O)[C@H](O)[C@H]2O)c(-c2ccc(O)cc2)oc2cc(O)cc(O)c12,JPUKWEQWGBDDQB-QSOFNFLRSA-N
PT_0282,NLDDIKRKFXEWBK-AWEZNQCLSA-N,gingerol,(5S)-5-hydroxy-1-(4-hydroxy-3-methoxyphenyl)decan-3-one,442793,,CCCCC[C@@H](CC(=O)CCC1=CC(=C(C=C1)O)OC)O,Phenols,,Plant,Zingiber officinale Roscoe,in vitro,,,Ca2+-channel,,,,,10.1177/1934578X1300800434,Active,CCCCC[C@H](O)CC(=O)CCc1ccc(O)c(OC)c1,NLDDIKRKFXEWBK-AWEZNQCLSA-N
PT_0286,VZTUKBKUWSHDFM-CYBMUJFWSA-N,anonaine,"(12R)-3,5-dioxa-11-azapentacyclo[10.7.1.02,6.08,20.014,19]icosa-1(20),2(6),7,14,16,18-hexaene",160597,,C1CN[C@@H]2CC3=CC=CC=C3C4=C2C1=CC5=C4OCO5,Alkaloids,,Plant,Annona cherimolia,in vitro,,,Ca2+-channel,,,,,10.1177/1934578X1300800434,Active,c1ccc2c(c1)C[C@H]1NCCc3cc4c(c-2c31)OCO4,VZTUKBKUWSHDFM-CYBMUJFWSA-N
PT_0287,JCTYWRARKVGOBK-CQSZACIVSA-N,roemerine,"(12R)-11-methyl-3,5-dioxa-11-azapentacyclo[10.7.1.02,6.08,20.014,19]icosa-1(20),2(6),7,14,16,18-hexaene",119204,,CN1CCC2=CC3=C(C4=C2[C@H]1CC5=CC=CC=C54)OCO3,Alkaloids,,Plant,Annona cherimolia,,,,Ca2+-channel,,,,,10.1177/1934578X1300800434,Active,CN1CCc2cc3c(c4c2[C@H]1Cc1ccccc1-4)OCO3,JCTYWRARKVGOBK-CQSZACIVSA-N
PT_0292,KYELXPJVGNZIGC-GKFGJCLESA-N,peimisine,"(3S,3'R,3'aS,4aS,6'S,6aR,6bS,7'aR,9R,11aS,11bR)-3-hydroxy-3',6',10,11b-tetramethylspiro[1,2,3,4,4a,6,6a,6b,7,8,11,11a-dodecahydrobenzo[a]fluorene-9,2'-3a,4,5,6,7,7a-hexahydro-3H-furo[3,2-b]pyridine]-5-one",161294,,C[C@H]1C[C@@H]2[C@H]([C@H]([C@]3(O2)CC[C@H]4[C@@H]5CC(=O)[C@H]6C[C@H](CC[C@@]6([C@H]5CC4=C3C)C)O)C)NC1,Alkaloids,,Plant,Fritillaria usuriensis,,,,ACE,,,,,10.1177/1934578X1300800434,Active,CC1=C2C[C@H]3[C@@H](CC(=O)[C@H]4C[C@@H](O)CC[C@@]43C)[C@@H]2CC[C@]12O[C@@H]1C[C@H](C)CN[C@H]1[C@H]2C,KYELXPJVGNZIGC-GKFGJCLESA-N
PT_0294,IQDIERHFZVCNRZ-YUYPDVIUSA-N,verticinone,"(1R,2S,6S,9S,10S,11S,14S,15S,18S,20S,23R,24S)-10,20-dihydroxy-6,10,23-trimethyl-4-azahexacyclo[12.11.0.02,11.04,9.015,24.018,23]pentacosan-17-one",167691,,C[C@H]1CC[C@H]2[C@@]([C@H]3CC[C@@H]4[C@H]([C@@H]3CN2C1)C[C@H]5[C@H]4CC(=O)[C@@H]6[C@@]5(CC[C@@H](C6)O)C)(C)O,Alkaloids,,Plant,Fritillaria usuriensis,,,,ACE,,,,,10.1177/1934578X1300800434,Active,C[C@H]1CC[C@@H]2N(C1)C[C@H]1[C@@H]3C[C@H]4[C@@H](CC(=O)[C@H]5C[C@@H](O)CC[C@@]54C)[C@@H]3CC[C@@H]1[C@]2(C)O,IQDIERHFZVCNRZ-YUYPDVIUSA-N
PT_0296,FINHMKGKINIASC-UHFFFAOYSA-N,tetramethylpyrazine,"2,3,5,6-tetramethylpyrazine",14296,,CC1=C(N=C(C(=N1)C)C)C,Alkaloids,,Plant,Ligusticum wallichii,,,,K+ channel,,,,,10.1177/1934578X1300800434,Active,Cc1nc(C)c(C)nc1C,FINHMKGKINIASC-UHFFFAOYSA-N
PT_0297,YJWBWQWUHVXPNC-AWEZNQCLSA-N,dicentrine,"(12S)-16,17-dimethoxy-11-methyl-3,5-dioxa-11-azapentacyclo[10.7.1.02,6.08,20.014,19]icosa-1(20),2(6),7,14,16,18-hexaene",101300,,CN1CCC2=CC3=C(C4=C2[C@@H]1CC5=CC(=C(C=C54)OC)OC)OCO3,Alkaloids,,Plant,Lindera megaphylla,,,,α1-adrenergic receptors,,,,,10.1177/1934578X1300800434,Active,COc1cc2c(cc1OC)-c1c3c(cc4c1[C@H](C2)N(C)CC4)OCO3,YJWBWQWUHVXPNC-AWEZNQCLSA-N
PT_0298,VDYACOATPFOZIO-HBUDHLSFSA-N,denudatin B,"(2S,3R,3aR)-2-(3,4-dimethoxyphenyl)-3a-methoxy-3-methyl-5-prop-2-enyl-2,3-dihydro-1-benzofuran-6-one",442834,,C[C@@H]1[C@H](OC2=CC(=O)C(=C[C@@]12OC)CC=C)C3=CC(=C(C=C3)OC)OC,Alkaloids,,Plant,Magnolia fargesii,,,,Ca2+ channel,,,,,10.1177/1934578X1300800434,Active,C=CCC1=C[C@]2(OC)C(=CC1=O)O[C@H](c1ccc(OC)c(OC)c1)[C@H]2C,VDYACOATPFOZIO-HBUDHLSFSA-N
PT_0299,DFOCUWZXJBAUSQ-URLMMPGGSA-N,berbamine,"(1S,14R)-20,21,25-trimethoxy-15,30-dimethyl-7,23-dioxa-15,30-diazaheptacyclo[22.6.2.23,6.18,12.114,18.027,31.022,33]hexatriaconta-3(36),4,6(35),8,10,12(34),18,20,22(33),24,26,31-dodecaen-9-ol",275182,,CN1CCC2=CC(=C3C=C2[C@@H]1CC4=CC=C(C=C4)OC5=C(C=CC(=C5)C[C@@H]6C7=C(O3)C(=C(C=C7CCN6C)OC)OC)O)OC,Alkaloids,,Plant,Mahonia aquifolium,,,,Ca2+ channel and α1-adrenergic receptors,,,,,10.1177/1934578X1300800434,Active,COc1cc2c3cc1Oc1c(OC)c(OC)cc4c1[C@@H](Cc1ccc(O)c(c1)Oc1ccc(cc1)C[C@@H]3N(C)CC2)N(C)CC4,DFOCUWZXJBAUSQ-URLMMPGGSA-N
PT_0300,HGNHIFJNOKGSKI-WDYNHAJCSA-N,oxyacanthine,"(1R,14S)-20,21,25-trimethoxy-15,30-dimethyl-8,23-dioxa-15,30-diazaheptacyclo[22.6.2.29,12.13,7.114,18.027,31.022,33]hexatriaconta-3(36),4,6,9(35),10,12(34),18,20,22(33),24,26,31-dodecaen-6-ol",442333,,CN1CCC2=CC(=C(C3=C2[C@@H]1CC4=CC=C(C=C4)OC5=C(C=CC(=C5)C[C@@H]6C7=CC(=C(C=C7CCN6C)OC)O3)O)OC)OC,Alkaloids,,Plant,Mahonia aquifolium,,,,Ca2+ channel and α1-adrenergic receptors,,,,,10.1177/1934578X1300800434,Active,COc1cc2c3cc1Oc1c(OC)c(OC)cc4c1[C@H](Cc1ccc(cc1)Oc1cc(ccc1O)C[C@H]3N(C)CC2)N(C)CC4,HGNHIFJNOKGSKI-WDYNHAJCSA-N
PT_0301,WSVWKHTVFGTTKJ-AWEZNQCLSA-N,nantenine,"(12S)-18,19-dimethoxy-13-methyl-5,7-dioxa-13-azapentacyclo[10.7.1.02,10.04,8.016,20]icosa-1(20),2,4(8),9,16,18-hexaene",197001,,CN1CCC2=CC(=C(C3=C2[C@@H]1CC4=CC5=C(C=C43)OCO5)OC)OC,Alkaloids,,Plant,Platycapnos spicatus,,,,α1-adrenergic receptors,,,,,10.1177/1934578X1300800434,Active,COc1cc2c3c(c1OC)-c1cc4c(cc1C[C@@H]3N(C)CC2)OCO4,WSVWKHTVFGTTKJ-AWEZNQCLSA-N
PT_0303,WSVWKHTVFGTTKJ-AWEZNQCLSA-N,nantenine,"(12S)-18,19-dimethoxy-13-methyl-5,7-dioxa-13-azapentacyclo[10.7.1.02,10.04,8.016,20]icosa-1(20),2,4(8),9,16,18-hexaene",197001,,CN1CCC2=CC(=C(C3=C2[C@@H]1CC4=CC5=C(C=C43)OCO5)OC)OC,Alkaloids,,Plant,Platycapnos spicatus,,,,Ca2+ channel,,,,,10.1177/1934578X1300800434,Active,COc1cc2c3c(c1OC)-c1cc4c(cc1C[C@@H]3N(C)CC2)OCO4,WSVWKHTVFGTTKJ-AWEZNQCLSA-N
PT_0305,WVTKBKWTSCPRNU-KYJUHHDHSA-N,tetrandrine,"(1S,14S)-9,20,21,25-tetramethoxy-15,30-dimethyl-7,23-dioxa-15,30-diazaheptacyclo[22.6.2.23,6.18,12.114,18.027,31.022,33]hexatriaconta-3(36),4,6(35),8,10,12(34),18,20,22(33),24,26,31-dodecaene",73078,,CN1CCC2=CC(=C3C=C2[C@@H]1CC4=CC=C(C=C4)OC5=C(C=CC(=C5)C[C@H]6C7=C(O3)C(=C(C=C7CCN6C)OC)OC)OC)OC,Alkaloids,,Plant,Stephania tetrandra,,,,Ca2+ channel,,,,,10.1177/1934578X1300800434,Active,COc1ccc2cc1Oc1ccc(cc1)C[C@H]1c3cc(c(OC)cc3CCN1C)Oc1c(OC)c(OC)cc3c1[C@H](C2)N(C)CC3,WVTKBKWTSCPRNU-KYJUHHDHSA-N
PT_0307,DAXYUDFNWXHGBE-KAXDATADSA-N,rhynchophylline,"methyl(E)-2-[(3R,6'R,7'S,8'aS)-6'-ethyl-2-oxospiro[1H-indole-3,1'-3,5,6,7,8,8a-hexahydro-2H-indolizine]-7'-yl]-3-methoxyprop-2-enoate",5281408,,CC[C@H]1CN2CC[C@]3([C@@H]2C[C@@H]1/C(=C\OC)/C(=O)OC)C4=CC=CC=C4NC3=O,Alkaloids,,Plant,Uncaria rhynchophylla,,,,Ca2+ channel,,,,,10.1177/1934578X1300800434,Active,CC[C@H]1CN2CC[C@]3(C(=O)Nc4ccccc43)[C@@H]2C[C@@H]1/C(=C\OC)C(=O)OC,DAXYUDFNWXHGBE-KAXDATADSA-N
PT_0309,RFPXODBPOYUIKB-XGEXKBAQSA-N,caracasandiamide,"(1R,2S,3R,4S)-3,4-bis(3,4-dimethoxyphenyl)-1-N,2-N-bis[4-[[N'-(3-methylbut-2-enyl)carbamimidoyl]amino]butyl]cyclobutane-1,2-dicarboxamide",10395434,,CC(=CCN=C(N)NCCCCNC(=O)[C@H]1[C@@H]([C@@H]([C@H]1C(=O)NCCCCNC(=NCC=C(C)C)N)C2=CC(=C(C=C2)OC)OC)C3=CC(=C(C=C3)OC)OC)C,Alkaloids,,Plant,Verbesina caracasana,,,,Ca2+ channel,,,,,10.1177/1934578X1300800434,Active,COc1ccc([C@@H]2[C@@H](C(=O)NCCCCNC(N)=NCC=C(C)C)[C@@H](C(=O)NCCCCNC(N)=NCC=C(C)C)[C@@H]2c2ccc(OC)c(OC)c2)cc1OC,RFPXODBPOYUIKB-XGEXKBAQSA-N
PT_0311,XMJAJFVLHDIEHF-CRBRZBHVSA-N,"14-deoxy-11,12-didehydroandrographolide","4-[(E)-2-[(1R,4aS,5R,6R,8aR)-6-hydroxy-5-(hydroxymethyl)-5,8a-dimethyl-2-methylidene-3,4,4a,6,7,8-hexahydro-1H-naphthalen-1-yl]ethenyl]-2H-furan-5-one",5708351,,C[C@@]12CC[C@H]([C@@]([C@H]1CCC(=C)[C@H]2/C=C/C3=CCOC3=O)(C)CO)O,Terpenes,,Plant,Andrographis paniculata,,,,β- antagonist and ACE,,,,,10.1177/1934578X1300800434,Active,C=C1CC[C@@H]2[C@](C)(CO)[C@H](O)CC[C@@]2(C)[C@@H]1/C=C/C1=CCOC1=O,XMJAJFVLHDIEHF-CRBRZBHVSA-N
PT_0312,OHCQJHSOBUTRHG-KGGHGJDLSA-N,"forskolin 
","[(3R,4aR,5S,6S,6aS,10S,10aR,10bS)-3-ethenyl-6,10,10b-trihydroxy-3,4a,7,7,10a-pentamethyl-1-oxo-5,6,6a,8,9,10-hexahydro-2H-benzo[f]chromen-5-yl] acetate",47936,,CC(=O)O[C@H]1[C@H]([C@@H]2[C@]([C@H](CCC2(C)C)O)([C@@]3([C@@]1(O[C@@](CC3=O)(C)C=C)C)O)C)O,Terpenes,,Plant,Coleus forskohlii,,,,Adenilate Cyclase,,,,,10.1177/1934578X1300800434,Active,C=C[C@@]1(C)CC(=O)[C@]2(O)[C@@]3(C)[C@@H](O)CCC(C)(C)[C@@H]3[C@H](O)[C@H](OC(C)=O)[C@@]2(C)O1,OHCQJHSOBUTRHG-KGGHGJDLSA-N
PT_0313,OHCQJHSOBUTRHG-KGGHGJDLSA-N,coleonol,"[(3R,4aR,5S,6S,6aS,10S,10aR,10bS)-3-ethenyl-6,10,10b-trihydroxy-3,4a,7,7,10a-pentamethyl-1-oxo-5,6,6a,8,9,10-hexahydro-2H-benzo[f]chromen-5-yl] acetate",47936,,CC(=O)O[C@H]1[C@H]([C@@H]2[C@]([C@H](CCC2(C)C)O)([C@@]3([C@@]1(O[C@@](CC3=O)(C)C=C)C)O)C)O,Terpenes,,Plant,Coleus forskohlii,,,,Adenilate Cyclase,,,,,10.1177/1934578X1300800434,Active,C=C[C@@]1(C)CC(=O)[C@]2(O)[C@@]3(C)[C@@H](O)CCC(C)(C)[C@@H]3[C@H](O)[C@H](OC(C)=O)[C@@]2(C)O1,OHCQJHSOBUTRHG-KGGHGJDLSA-N
PT_0330,JDLKFOPOAOFWQN-UHFFFAOYSA-N,Allicin,3-prop-2-enylsulfinylsulfanylprop-1-ene,65036,,C=CCSS(=O)CC=C,,PubChem,Plant,Allium spp.,,,Decrease circulating Angiotensin II,ACE,,,,,10.3390/molecules25092114,Active,C=CCSS(=O)CC=C,JDLKFOPOAOFWQN-UHFFFAOYSA-N
PT_0335,LELOWRISYMNNSU-UHFFFAOYSA-N,hydrocyanic acid,formonitrile,768,,C#N,,,Plant,Amaranthus dubius,,,ACE1 inhibition,ACE1,,,,,10.3390/molecules25092114,Active,C#N,LELOWRISYMNNSU-UHFFFAOYSA-N
PT_0342,KEQHJBNSCLWCAE-UHFFFAOYSA-N,thymoquinone,"2-methyl-5-propan-2-ylcyclohexa-2,5-diene-1,4-dione",10281,,CC1=CC(=O)C(=CC1=O)C(C)C,,,Plant,Nigella sativa,,,ACE1 inhibition,ACE1,,,,,10.3390/molecules25092114,Active,CC1=CC(=O)C(C(C)C)=CC1=O,KEQHJBNSCLWCAE-UHFFFAOYSA-N
PT_0350,UFCLZKMFXSILNL-PSEXTPKNSA-N,"3,4-dicaffeoylquinic acid","(1S,3R,4R,5R)-3,4-bis[[(E)-3-(3,4-dihydroxyphenyl)prop-2-enoyl]oxy]-1,5-dihydroxycyclohexane-1-carboxylic acid",5281780,,C1[C@H]([C@H]([C@@H](C[C@@]1(C(=O)O)O)OC(=O)/C=C/C2=CC(=C(C=C2)O)O)OC(=O)/C=C/C3=CC(=C(C=C3)O)O)O,,,Plant,Artemisia campestris,Wistar rats and Albino mice,,"Antihypertensive, hypotensive and vasorelaxant effect.","Ca2+ channels, NO-cGC-PKG pathway",,,,,https://doi.org/10.4236/ajps.2021.1211119,Active,O=C(/C=C/c1ccc(O)c(O)c1)O[C@@H]1[C@H](O)C[C@@](O)(C(=O)O)C[C@H]1OC(=O)/C=C/c1ccc(O)c(O)c1,UFCLZKMFXSILNL-PSEXTPKNSA-N
PT_0351,KRZBCHWVBQOTNZ-RDJMKVHDSA-N,"3,5-dicaffeoylquinic acid","(3R,5R)-3,5-bis[[(E)-3-(3,4-dihydroxyphenyl)prop-2-enoyl]oxy]-1,4-dihydroxycyclohexane-1-carboxylic acid",6474310,,C1C(C[C@H](C([C@@H]1OC(=O)/C=C/C2=CC(=C(C=C2)O)O)O)OC(=O)/C=C/C3=CC(=C(C=C3)O)O)(O)C(=O)O,,,Plant,Artemisia campestris,Wistar rats and Albino mice,,"Antihypertensive, hypotensive and vasorelaxant effect.","Ca2+ channels, NO-cGC-PKG pathway",,,,,https://doi.org/10.4236/ajps.2021.1211119,Active,O=C(/C=C/c1ccc(O)c(O)c1)O[C@@H]1CC(O)(C(=O)O)C[C@@H](OC(=O)/C=C/c2ccc(O)c(O)c2)C1O,KRZBCHWVBQOTNZ-RDJMKVHDSA-N
PT_0352,UFCLZKMFXSILNL-RVXRWRFUSA-N,"4,5-dicaffeoylquinic acid","(1R,3R,4S,5R)-3,4-bis[[(E)-3-(3,4-dihydroxyphenyl)prop-2-enoyl]oxy]-1,5-dihydroxycyclohexane-1-carboxylic acid",6474309,,C1[C@H]([C@@H]([C@@H](C[C@]1(C(=O)O)O)OC(=O)/C=C/C2=CC(=C(C=C2)O)O)OC(=O)/C=C/C3=CC(=C(C=C3)O)O)O,,,Plant,Artemisia campestris,Wistar rats and Albino mice,,"Antihypertensive, hypotensive and vasorelaxant effect.","Ca2+ channels, NO-cGC-PKG pathway",,,,,https://doi.org/10.4236/ajps.2021.1211119,Active,O=C(/C=C/c1ccc(O)c(O)c1)O[C@H]1[C@H](O)C[C@](O)(C(=O)O)C[C@H]1OC(=O)/C=C/c1ccc(O)c(O)c1,UFCLZKMFXSILNL-RVXRWRFUSA-N
PT_0359,XFZJEEAOWLFHDH-NFJBMHMQSA-N,procyanidin B2,"(2R,3R)-2-(3,4-dihydroxyphenyl)-8-[(2R,3R,4R)-2-(3,4-dihydroxyphenyl)-3,5,7-trihydroxy-3,4-dihydro-2H-chromen-4-yl]-3,4-dihydro-2H-chromene-3,5,7-triol",122738,,C1[C@H]([C@H](OC2=C1C(=CC(=C2[C@@H]3[C@H]([C@H](OC4=CC(=CC(=C34)O)O)C5=CC(=C(C=C5)O)O)O)O)O)C6=CC(=C(C=C6)O)O)O,,,Plant,Cecropia glaziovii,Rats and mice of three-month old,,,,,,,,https://doi.org/10.4236/ajps.2021.1211119,Active,Oc1cc(O)c2c(c1)O[C@H](c1ccc(O)c(O)c1)[C@H](O)[C@H]2c1c(O)cc(O)c2c1O[C@H](c1ccc(O)c(O)c1)[C@H](O)C2,XFZJEEAOWLFHDH-NFJBMHMQSA-N
PT_0361,PLAPMLGJVGLZOV-VPRICQMDSA-N,orientin,"2-(3,4-dihydroxyphenyl)-5,7-dihydroxy-8-[(2S,3R,4R,5S,6R)-3,4,5-trihydroxy-6-(hydroxymethyl)oxan-2-yl]chromen-4-one",5281675,,C1=CC(=C(C=C1C2=CC(=O)C3=C(O2)C(=C(C=C3O)O)[C@H]4[C@@H]([C@H]([C@@H]([C@H](O4)CO)O)O)O)O)O,,,Plant,Cecropia glaziovii,Rats and mice of three-month old,,,,,,,,https://doi.org/10.4236/ajps.2021.1211119,Active,O=c1cc(-c2ccc(O)c(O)c2)oc2c([C@@H]3O[C@H](CO)[C@@H](O)[C@H](O)[C@H]3O)c(O)cc(O)c12,PLAPMLGJVGLZOV-VPRICQMDSA-N
PT_0368,FTVWIRXFELQLPI-ZDUSSCGKSA-N,naringenin,"(2S)-5,7-dihydroxy-2-(4-hydroxyphenyl)-2,3-dihydrochromen-4-one",439246,,C1[C@H](OC2=CC(=CC(=C2C1=O)O)O)C3=CC=C(C=C3)O,,,Plant,Euphobia cuneata,Normotensive rats,,decreased BP by 20 mmHg,,,,,,https://doi.org/10.4236/ajps.2021.1211119,Active,O=C1C[C@@H](c2ccc(O)cc2)Oc2cc(O)cc(O)c21,FTVWIRXFELQLPI-ZDUSSCGKSA-N
PT_0375,QAIPRVGONGVQAS-DUXPYHPUSA-N,caffeic acid,"(E)-3-(3,4-dihydroxyphenyl)prop-2-enoic acid",689043,,C1=CC(=C(C=C1/C=C/C(=O)O)O)O,,,Plant,Mesona precumbens,Male 6-week-old spontaneously hypertensive rats and Wistar-Kyoto rats,,ROS,,,,,,,Active,O=C(O)/C=C/c1ccc(O)c(O)c1,QAIPRVGONGVQAS-DUXPYHPUSA-N
PT_0376,AVQQLPJWGXTKFZ-UHFFFAOYSA-N,methylripariochromene A,"1-(7,8-dimethoxy-2,2-dimethylchromen-6-yl)ethanone",177148,,CC(=O)C1=C(C(=C2C(=C1)C=CC(O2)(C)C)OC)OC,,,Plant,Orthosiphon aristatus,"Stroke prone spontaneously hypertensive rats (SHRSP), Male Wistar rats, male Hartley guinea pigs",,Ca2+ antagonist,Ca2+ channels,,,,,,Active,COc1c(C(C)=O)cc2c(c1OC)OC(C)(C)C=C2,AVQQLPJWGXTKFZ-UHFFFAOYSA-N
PT_0380,LNTHITQWFMADLM-UHFFFAOYSA-N,gallic acid,"3,4,5-trihydroxybenzoic acid",370,,C1=C(C=C(C(=C1O)O)O)C(=O)O,,,Plant,Pistacia atlantica,,,ACE1 inhibition,ACE1,,,,,,Active,O=C(O)c1cc(O)c(O)c(O)c1,LNTHITQWFMADLM-UHFFFAOYSA-N
PT_0396,XMJAJFVLHDIEHF-CRBRZBHVSA-N,"14-deoxy-11,12- didehydroandrographolide","4-[(E)-2-[(1R,4aS,5R,6R,8aR)-6-hydroxy-5-(hydroxymethyl)-5,8a-dimethyl-2-methylidene-3,4,4a,6,7,8-hexahydro-1H-naphthalen-1-yl]ethenyl]-2H-furan-5-one",5708351,,C[C@@]12CC[C@H]([C@@]([C@H]1CCC(=C)[C@H]2/C=C/C3=CCOC3=O)(C)CO)O,terpene,,Plant,Andrographis paniculata,,,vascular resistance reduced in isolated rat heart and decrease the level of Ca2+ inside cell by voltage-gated Ca2+ channels,L type Ca2+ pathway and eNOS,,,,,10.1007/s13659-020-00281-x,Active,C=C1CC[C@@H]2[C@](C)(CO)[C@H](O)CC[C@@]2(C)[C@@H]1/C=C/C1=CCOC1=O,XMJAJFVLHDIEHF-CRBRZBHVSA-N
PT_0398,HGVVOUNEGQIPMS-UHFFFAOYSA-N,procyanidin,"2-(3,4-dihydroxyphenyl)-2-[[2-(3,4-dihydroxyphenyl)-5,7-dihydroxy-3,4-dihydro-2H-chromen-3-yl]oxy]-3,4-dihydrochromene-3,4,5,7-tetrol",107876,,C1C(C(OC2=CC(=CC(=C21)O)O)C3=CC(=C(C=C3)O)O)OC4(C(C(C5=C(C=C(C=C5O4)O)O)O)O)C6=CC(=C(C=C6)O)O,,,Plant,Crataegus spp.,,,vasorelaxantion,Endothelium dependent/Independent pathway,,,,,10.1007/s13659-020-00281-x,Active,Oc1cc(O)c2c(c1)OC(c1ccc(O)c(O)c1)C(OC1(c3ccc(O)c(O)c3)Oc3cc(O)cc(O)c3C(O)C1O)C2,HGVVOUNEGQIPMS-UHFFFAOYSA-N
PT_0399,XFZJEEAOWLFHDH-NFJBMHMQSA-N,procyanidin B2,"(2R,3R)-2-(3,4-dihydroxyphenyl)-8-[(2R,3R,4R)-2-(3,4-dihydroxyphenyl)-3,5,7-trihydroxy-3,4-dihydro-2H-chromen-4-yl]-3,4-dihydro-2H-chromene-3,5,7-triol",122738,,C1[C@H]([C@H](OC2=C1C(=CC(=C2[C@@H]3[C@H]([C@H](OC4=CC(=CC(=C34)O)O)C5=CC(=C(C=C5)O)O)O)O)O)C6=CC(=C(C=C6)O)O)O,,,Plant,Crataegus spp.,,,vasorelaxation,Endothelium dependent/Independent pathway,,,,,10.1007/s13659-020-00281-x,Active,Oc1cc(O)c2c(c1)O[C@H](c1ccc(O)c(O)c1)[C@H](O)[C@H]2c1c(O)cc(O)c2c1O[C@H](c1ccc(O)c(O)c1)[C@H](O)C2,XFZJEEAOWLFHDH-NFJBMHMQSA-N
PT_0400,SEBIKDIMAPSUBY-RTJKDTQDSA-N,crocin,"bis[(2S,3R,4S,5S,6R)-3,4,5-trihydroxy-6-[[(2R,3R,4S,5S,6R)-3,4,5-trihydroxy-6-(hydroxymethyl)oxan-2-yl]oxymethyl]oxan-2-yl] (2E,4E,6E,8E,10E,12E,14E)-2,6,11,15-tetramethylhexadeca-2,4,6,8,10,12,14-heptaenedioate",5281233,,C/C(=C\C=C\C=C(\C=C\C=C(\C(=O)O[C@@H]1O[C@@H]([C@H]([C@@H]([C@H]1O)O)O)CO[C@@H]2O[C@@H]([C@H]([C@@H]([C@H]2O)O)O)CO)/C)/C)/C=C/C=C(/C(=O)O[C@@H]3O[C@@H]([C@H]([C@@H]([C@H]3O)O)O)CO[C@@H]4O[C@@H]([C@H]([C@@H]([C@H]4O)O)O)CO)\C,,,Plant,Crocus sativus,,,vasorelaxantion,,,,,,10.1007/s13659-020-00281-x,Active,CC(/C=C/C=C(\C)C(=O)O[C@@H]1O[C@H](CO[C@@H]2O[C@H](CO)[C@@H](O)[C@H](O)[C@H]2O)[C@@H](O)[C@H](O)[C@H]1O)=C\C=C\C=C(C)\C=C\C=C(/C)C(=O)O[C@@H]1O[C@H](CO[C@@H]2O[C@H](CO)[C@@H](O)[C@H](O)[C@H]2O)[C@@H](O)[C@H](O)[C@H]1O,SEBIKDIMAPSUBY-RTJKDTQDSA-N
PT_0401,SGAWOGXMMPSZPB-UHFFFAOYSA-N,safranal,"2,6,6-trimethylcyclohexa-1,3-diene-1-carbaldehyde",61041,,CC1=C(C(CC=C1)(C)C)C=O,,,Plant,Crocus sativus,,,"affect protein kinase B phosphorylation/ GSK-3b, activation of iNOS",,,,,,10.1007/s13659-020-00281-x,Active,CC1=C(C=O)C(C)(C)CC=C1,SGAWOGXMMPSZPB-UHFFFAOYSA-N
PT_0403,PANKHBYNKQNAHN-MQQNZMFNSA-N,crocetin,"(2E,4E,6E,8E,10E,12E,14E)-2,6,11,15-tetramethylhexadeca-2,4,6,8,10,12,14-heptaenedioic acid",5281232,,C/C(=C\C=C\C=C(\C=C\C=C(\C(=O)O)/C)/C)/C=C/C=C(/C(=O)O)\C,,,Plant,Crocus sativus,,,Calcium channel blocker,,,,,,10.1007/s13659-020-00281-x,Active,CC(/C=C/C=C(\C)C(=O)O)=C\C=C\C=C(C)\C=C\C=C(/C)C(=O)O,PANKHBYNKQNAHN-MQQNZMFNSA-N
PT_0406,HJXMNVQARNZTEE-UHFFFAOYSA-N,n-butylphthalide,3-butyl-3H-2-benzofuran-1-one,61361,,CCCCC1C2=CC=CC=C2C(=O)O1,,,Plant,,,,,,,,,,10.1007/s13659-020-00281-x,Active,CCCCC1OC(=O)c2ccccc21,HJXMNVQARNZTEE-UHFFFAOYSA-N
PT_0410,KEQHJBNSCLWCAE-UHFFFAOYSA-N,Thymoquinone,"2-methyl-5-propan-2-ylcyclohexa-2,5-diene-1,4-dione",10281,,CC1=CC(=O)C(=CC1=O)C(C)C,,,Plant,Nigella sativa,,,,,,,,,10.1007/s13659-020-00281-x,Active,CC1=CC(=O)C(C(C)C)=CC1=O,KEQHJBNSCLWCAE-UHFFFAOYSA-N
PT_0418,NLDDIKRKFXEWBK-AWEZNQCLSA-N,Gingerol,(5S)-5-hydroxy-1-(4-hydroxy-3-methoxyphenyl)decan-3-one,442793,,CCCCC[C@@H](CC(=O)CCC1=CC(=C(C=C1)O)OC)O,,,Plant,Zingiber ofcinale,,,Vasorelaxation,ROS,,,,,10.1007/s13659-020-00281-x,Active,CCCCC[C@H](O)CC(=O)CCc1ccc(O)c(OC)c1,NLDDIKRKFXEWBK-AWEZNQCLSA-N
PT_0429,GRTOGORTSDXSFK-XJTZBENFSA-N,Ajmalicine,"methyl (1S,15R,16S,20S)-16-methyl-17-oxa-3,13-diazapentacyclo[11.8.0.02,10.04,9.015,20]henicosa-2(10),4,6,8,18-pentaene-19-carboxylate",441975,,C[C@H]1[C@H]2CN3CCC4=C([C@@H]3C[C@@H]2C(=CO1)C(=O)OC)NC5=CC=CC=C45,,,Plant,RauwolfaSerpentina,,,,Vesicular Monoamine Transporter 2 (,,,,,10.1007/s13659-020-00281-x,Active,COC(=O)C1=CO[C@@H](C)[C@H]2CN3CCc4c([nH]c5ccccc45)[C@@H]3C[C@H]12,GRTOGORTSDXSFK-XJTZBENFSA-N
PT_0430,QEVHRUUCFGRFIF-MDEJGZGSSA-N,Reserpine,"methyl (1R,15S,17R,18R,19S,20S)-6,18-dimethoxy-17-(3,4,5-trimethoxybenzoyl)oxy-1,3,11,12,14,15,16,17,18,19,20,21-dodecahydroyohimban-19-carboxylate",5770,,CO[C@H]1[C@@H](C[C@@H]2CN3CCC4=C([C@H]3C[C@@H]2[C@@H]1C(=O)OC)NC5=C4C=CC(=C5)OC)OC(=O)C6=CC(=C(C(=C6)OC)OC)OC,,,Plant,RauwolfaSerpentina,,,,Vesicular Monoamine Transporter 2 (,,,,,10.1007/s13659-020-00281-x,Active,COC(=O)[C@H]1[C@H]2C[C@@H]3c4[nH]c5cc(OC)ccc5c4CCN3C[C@H]2C[C@@H](OC(=O)c2cc(OC)c(OC)c(OC)c2)[C@@H]1OC,QEVHRUUCFGRFIF-MDEJGZGSSA-N
PT_0432,BLGXFZZNTVWLAY-SCYLSFHTSA-N,Yohimbine,"methyl (1S,15R,18S,19R,20S)-18-hydroxy-1,3,11,12,14,15,16,17,18,19,20,21-dodecahydroyohimban-19-carboxylate",8969,,COC(=O)[C@H]1[C@H](CC[C@@H]2[C@@H]1C[C@H]3C4=C(CCN3C2)C5=CC=CC=C5N4)O,,,Plant,RauwolfaSerpentina,,,,Vesicular Monoamine Transporter 2 (,,,,,10.1007/s13659-020-00281-x,Active,COC(=O)[C@@H]1[C@H]2C[C@H]3c4[nH]c5ccccc5c4CCN3C[C@@H]2CC[C@@H]1O,BLGXFZZNTVWLAY-SCYLSFHTSA-N
PT_0437,LNTHITQWFMADLM-UHFFFAOYSA-N,Gallic acid,"3,4,5-trihydroxybenzoic acid",370,,C1=C(C=C(C(=C1O)O)O)C(=O)O,,,Plant,Terminalia arjuna,,,,ROS,,,,,,Active,O=C(O)c1cc(O)c(O)c(O)c1,LNTHITQWFMADLM-UHFFFAOYSA-N
PT_0456,YJWBWQWUHVXPNC-AWEZNQCLSA-N,(+)-Dicentrine,"(12S)-16,17-dimethoxy-11-methyl-3,5-dioxa-11-azapentacyclo[10.7.1.02,6.08,20.014,19]icosa-1(20),2(6),7,14,16,18-hexaene",101300,,CN1CCC2=CC3=C(C4=C2[C@@H]1CC5=CC(=C(C=C54)OC)OC)OCO3,Alkaloid,,Plant,Actinodaphne sesquipedalis,,,α1-adrenocepter antagonist ,α1-adrenocepter,,,,,10.1016/S1875-5364(15)30072-8,Active,COc1cc2c(cc1OC)-c1c3c(cc4c1[C@H](C2)N(C)CC4)OCO3,YJWBWQWUHVXPNC-AWEZNQCLSA-N
PT_0463,WSVWKHTVFGTTKJ-AWEZNQCLSA-N,(+)-Nantenine,"(12S)-18,19-dimethoxy-13-methyl-5,7-dioxa-13-azapentacyclo[10.7.1.02,10.04,8.016,20]icosa-1(20),2,4(8),9,16,18-hexaene",197001,,CN1CCC2=CC(=C(C3=C2[C@@H]1CC4=CC5=C(C=C43)OCO5)OC)OC,Alkaloid,,Plant,Nandina domestica,,,Ca2+ and K+ channels,,,,,,10.1016/S1875-5364(15)30072-8,Active,COc1cc2c3c(c1OC)-c1cc4c(cc1C[C@@H]3N(C)CC2)OCO4,WSVWKHTVFGTTKJ-AWEZNQCLSA-N
PT_0467,WVTKBKWTSCPRNU-KYJUHHDHSA-N,Tetrandrine,"(1S,14S)-9,20,21,25-tetramethoxy-15,30-dimethyl-7,23-dioxa-15,30-diazaheptacyclo[22.6.2.23,6.18,12.114,18.027,31.022,33]hexatriaconta-3(36),4,6(35),8,10,12(34),18,20,22(33),24,26,31-dodecaene",73078,,CN1CCC2=CC(=C3C=C2[C@@H]1CC4=CC=C(C=C4)OC5=C(C=CC(=C5)C[C@H]6C7=C(O3)C(=C(C=C7CCN6C)OC)OC)OC)OC,Alkaloid,,Plant,Stephania tetrandra,,,selective blockade of calcium channels and its interaction with α1-adrenergic receptors,"Ca2+ channel,  α1-adrenergic receptors",,,,,10.1016/S1875-5364(15)30072-8,Active,COc1ccc2cc1Oc1ccc(cc1)C[C@H]1c3cc(c(OC)cc3CCN1C)Oc1c(OC)c(OC)cc3c1[C@H](C2)N(C)CC3,WVTKBKWTSCPRNU-KYJUHHDHSA-N
PT_0472,PLAPMLGJVGLZOV-VPRICQMDSA-N,Orientin,"2-(3,4-dihydroxyphenyl)-5,7-dihydroxy-8-[(2S,3R,4R,5S,6R)-3,4,5-trihydroxy-6-(hydroxymethyl)oxan-2-yl]chromen-4-one",5281675,,C1=CC(=C(C=C1C2=CC(=O)C3=C(O2)C(=C(C=C3O)O)[C@H]4[C@@H]([C@H]([C@@H]([C@H](O4)CO)O)O)O)O)O,Flavonoids,,Plant,Phyllostachys nigra,,,vasorelaxant effect,"K+ channels, β-receptor,",2.28 μmol·L-1,,,,10.1016/S1875-5364(15)30072-8,Active,O=c1cc(-c2ccc(O)c(O)c2)oc2c([C@@H]3O[C@H](CO)[C@@H](O)[C@H](O)[C@H]3O)c(O)cc(O)c12,PLAPMLGJVGLZOV-VPRICQMDSA-N
PT_0479,XMPDGGPOGJOFIJ-UHFFFAOYSA-N,Isochroman-4-one XJP,"7,8-dihydroxy-3-methylisochroman-4-one",,,O=C1C(C)OCC2=C(O)C(O)=CC=C21,,,Plant,Musa sapientum,,,ACE inhibition,ACE,,,,,10.1016/S1875-5364(15)30072-8,Active,CC1OCc2c(ccc(O)c2O)C1=O,XMPDGGPOGJOFIJ-UHFFFAOYSA-N
PT_0481,YUSWMAULDXZHPY-UHFFFAOYSA-N,amentoflavone,"8-[5-(5,7-dihydroxy-4-oxochromen-2-yl)-2-hydroxyphenyl]-5,7-dihydroxy-2-(4-hydroxyphenyl)chromen-4-one",5281600,,C1=CC(=CC=C1C2=CC(=O)C3=C(O2)C(=C(C=C3O)O)C4=C(C=CC(=C4)C5=CC(=O)C6=C(C=C(C=C6O5)O)O)O)O,,,Plant,,,,,,,,,,,Active,O=c1cc(-c2ccc(O)c(-c3c(O)cc(O)c4c(=O)cc(-c5ccc(O)cc5)oc34)c2)oc2cc(O)cc(O)c12,YUSWMAULDXZHPY-UHFFFAOYSA-N
PT_0483,ZROGCCBNZBKLEL-MPRHSVQHSA-N,astilbine,"(2R,3R)-2-(3,4-dihydroxyphenyl)-5,7-dihydroxy-3-[(2S,3R,4R,5R,6S)-3,4,5-trihydroxy-6-methyloxan-2-yl]oxy-2,3-dihydrochromen-4-one",119258,,C[C@H]1[C@@H]([C@H]([C@H]([C@@H](O1)O[C@@H]2[C@H](OC3=CC(=CC(=C3C2=O)O)O)C4=CC(=C(C=C4)O)O)O)O)O,,,Plant,,,,,,,,,,,Active,C[C@@H]1O[C@@H](O[C@H]2C(=O)c3c(O)cc(O)cc3O[C@@H]2c2ccc(O)c(O)c2)[C@H](O)[C@H](O)[C@H]1O,ZROGCCBNZBKLEL-MPRHSVQHSA-N
PT_0495,RFPXODBPOYUIKB-XGEXKBAQSA-N,Caracasandiamide,"(1R,2S,3R,4S)-3,4-bis(3,4-dimethoxyphenyl)-1-N,2-N-bis[4-[[N'-(3-methylbut-2-enyl)carbamimidoyl]amino]butyl]cyclobutane-1,2-dicarboxamide",10395434,,CC(=CCN=C(N)NCCCCNC(=O)[C@H]1[C@@H]([C@@H]([C@H]1C(=O)NCCCCNC(=NCC=C(C)C)N)C2=CC(=C(C=C2)OC)OC)C3=CC(=C(C=C3)OC)OC)C,,,Plant, Verbesina caracasana,,,,"peripheral 1 -, 2 - and 2 -AR-dependent, muscarinic M2 - and M4-cholinergic receptor-dependent transductional pathway",,,,,10.2174/138955708784912157,Active,COc1ccc([C@@H]2[C@@H](C(=O)NCCCCNC(N)=NCC=C(C)C)[C@@H](C(=O)NCCCCNC(N)=NCC=C(C)C)[C@@H]2c2ccc(OC)c(OC)c2)cc1OC,RFPXODBPOYUIKB-XGEXKBAQSA-N
